experiment,kind,size,np,max_iters,rep,runtime_sec,objective,row_error,col_error,column_syncs,column_payload_bytes,hostnames,local_rows_by_rank,rank_compute_sec,rank_comm_sec,rank_total_sec,max_rank_compute_sec,max_rank_comm_sec,max_rank_overhead_sec,max_rank_total_sec,min_rank_total_sec,rank_imbalance_pct,json
baseline,seq,2000,1,50,1,0.9680796580000001,0.10013719867162223,2.0041412633186456e-09,2.004141259957619e-09,0,0,vmubuntu,[],[],[],[],nan,nan,nan,0.9680796580000001,0.9680796580000001,0.0,/home/tung/Parallel-Programming-Project/mpi-sinkhorn-step/results/bench_cpp_wifi3_25_26_190_report_suite/baseline_seq_n2000_iters50_rep1.json
baseline,seq,2000,1,50,2,0.5159316260000001,0.10013719867162223,2.0041412633186456e-09,2.004141259957619e-09,0,0,vmubuntu,[],[],[],[],nan,nan,nan,0.5159316260000001,0.5159316260000001,0.0,/home/tung/Parallel-Programming-Project/mpi-sinkhorn-step/results/bench_cpp_wifi3_25_26_190_report_suite/baseline_seq_n2000_iters50_rep2.json
baseline,seq,2000,1,50,3,0.510090112,0.10013719867162223,2.0041412633186456e-09,2.004141259957619e-09,0,0,vmubuntu,[],[],[],[],nan,nan,nan,0.510090112,0.510090112,0.0,/home/tung/Parallel-Programming-Project/mpi-sinkhorn-step/results/bench_cpp_wifi3_25_26_190_report_suite/baseline_seq_n2000_iters50_rep3.json
baseline,seq,2000,1,50,4,0.553761745,0.10013719867162223,2.0041412633186456e-09,2.004141259957619e-09,0,0,vmubuntu,[],[],[],[],nan,nan,nan,0.553761745,0.553761745,0.0,/home/tung/Parallel-Programming-Project/mpi-sinkhorn-step/results/bench_cpp_wifi3_25_26_190_report_suite/baseline_seq_n2000_iters50_rep4.json
baseline,mpi,2000,3,50,1,0.6630871939999999,0.100137198671619,2.0041412377314743e-09,2.0041412088916966e-09,50,800000,vmubuntu;VMubuntu;quan,"[667, 667, 666]","[0.19296780499999985, 0.2529684310000002, 0.15111033400000018]","[0.46999612399999974, 0.4081331769999998, 0.5100064830000001]","[0.6630871939999999, 0.6617795980000001, 0.661283485]",0.2529684310000002,0.5100064830000001,0.0006779900000000727,0.6630871939999999,0.661283485,0.27201686540185716,/home/tung/Parallel-Programming-Project/mpi-sinkhorn-step/results/bench_cpp_wifi3_25_26_190_report_suite/baseline_mpi_n2000_np3_iters50_rep1.json
baseline,mpi,2000,3,50,2,0.513135393,0.100137198671619,2.0041412377314743e-09,2.0041412088916966e-09,50,800000,vmubuntu;VMubuntu;quan,"[667, 667, 666]","[0.17928768199999992, 0.18228212600000004, 0.14195482699999995]","[0.33374848100000004, 0.3281824089999998, 0.37059735499999985]","[0.513135393, 0.510704742, 0.5126975770000001]",0.18228212600000004,0.37059735499999985,0.00024020700000021433,0.513135393,0.510704742,0.4736860939935107,/home/tung/Parallel-Programming-Project/mpi-sinkhorn-step/results/bench_cpp_wifi3_25_26_190_report_suite/baseline_mpi_n2000_np3_iters50_rep2.json
baseline,mpi,2000,3,50,3,0.58197477,0.100137198671619,2.0041412377314743e-09,2.0041412088916966e-09,50,800000,vmubuntu;VMubuntu;quan,"[667, 667, 666]","[0.18338801299999996, 0.18606533300000022, 0.1415327230000002]","[0.39809319800000004, 0.3944852929999999, 0.44025966]","[0.581596331, 0.580675779, 0.58197477]",0.18606533300000022,0.44025966,0.00018238699999978403,0.58197477,0.580675779,0.22320400590561196,/home/tung/Parallel-Programming-Project/mpi-sinkhorn-step/results/bench_cpp_wifi3_25_26_190_report_suite/baseline_mpi_n2000_np3_iters50_rep3.json
baseline,mpi,2000,3,50,4,0.524226086,0.100137198671619,2.0041412377314743e-09,2.0041412088916966e-09,50,800000,vmubuntu;VMubuntu;quan,"[667, 667, 666]","[0.17995402699999977, 0.18307206799999973, 0.14245604699999992]","[0.34417425999999995, 0.3391581940000003, 0.381363277]","[0.524226086, 0.522348733, 0.523966748]",0.18307206799999973,0.381363277,0.00014742400000006262,0.524226086,0.522348733,0.35811895862046556,/home/tung/Parallel-Programming-Project/mpi-sinkhorn-step/results/bench_cpp_wifi3_25_26_190_report_suite/baseline_mpi_n2000_np3_iters50_rep4.json
baseline,seq,3000,1,50,1,1.921597472,0.10008101795440717,3.0041238938734866e-09,3.0041239282969055e-09,0,0,vmubuntu,[],[],[],[],nan,nan,nan,1.921597472,1.921597472,0.0,/home/tung/Parallel-Programming-Project/mpi-sinkhorn-step/results/bench_cpp_wifi3_25_26_190_report_suite/baseline_seq_n3000_iters50_rep1.json
baseline,seq,3000,1,50,2,1.122294417,0.10008101795440717,3.0041238938734866e-09,3.0041239282969055e-09,0,0,vmubuntu,[],[],[],[],nan,nan,nan,1.122294417,1.122294417,0.0,/home/tung/Parallel-Programming-Project/mpi-sinkhorn-step/results/bench_cpp_wifi3_25_26_190_report_suite/baseline_seq_n3000_iters50_rep2.json
baseline,seq,3000,1,50,3,1.1288939550000001,0.10008101795440717,3.0041238938734866e-09,3.0041239282969055e-09,0,0,vmubuntu,[],[],[],[],nan,nan,nan,1.1288939550000001,1.1288939550000001,0.0,/home/tung/Parallel-Programming-Project/mpi-sinkhorn-step/results/bench_cpp_wifi3_25_26_190_report_suite/baseline_seq_n3000_iters50_rep3.json
baseline,seq,3000,1,50,4,1.1628225319999999,0.10008101795440717,3.0041238938734866e-09,3.0041239282969055e-09,0,0,vmubuntu,[],[],[],[],nan,nan,nan,1.1628225319999999,1.1628225319999999,0.0,/home/tung/Parallel-Programming-Project/mpi-sinkhorn-step/results/bench_cpp_wifi3_25_26_190_report_suite/baseline_seq_n3000_iters50_rep4.json
baseline,mpi,3000,3,50,1,1.069989533,0.1000810179544053,3.0041238843325074e-09,3.004123933555286e-09,50,1200000,vmubuntu;VMubuntu;quan,"[1000, 1000, 1000]","[0.4145619249999999, 0.44948485899999974, 0.3554899579999997]","[0.6507152900000002, 0.6203268140000002, 0.7097636979999999]","[1.06544966, 1.069989533, 1.065651605]",0.44948485899999974,0.7097636979999999,0.0003979490000003416,1.069989533,1.06544966,0.4242913467827275,/home/tung/Parallel-Programming-Project/mpi-sinkhorn-step/results/bench_cpp_wifi3_25_26_190_report_suite/baseline_mpi_n3000_np3_iters50_rep1.json
baseline,mpi,3000,3,50,2,1.097734886,0.1000810179544053,3.0041238843325074e-09,3.004123933555286e-09,50,1200000,vmubuntu;VMubuntu;quan,"[1000, 1000, 1000]","[0.4303536599999993, 0.407093264, 0.3414009470000001]","[0.6672180689999994, 0.6880550940000002, 0.7512732849999992]","[1.097734886, 1.0954388670000001, 1.093116304]",0.4303536599999993,0.7512732849999992,0.0004420720000006817,1.097734886,1.093116304,0.4207374712148833,/home/tung/Parallel-Programming-Project/mpi-sinkhorn-step/results/bench_cpp_wifi3_25_26_190_report_suite/baseline_mpi_n3000_np3_iters50_rep2.json
baseline,mpi,3000,3,50,3,1.049320163,0.1000810179544053,3.0041238843325074e-09,3.004123933555286e-09,50,1200000,vmubuntu;VMubuntu;quan,"[1000, 1000, 1000]","[0.431005977, 0.4413481470000005, 0.33007668299999987]","[0.6181362409999996, 0.6071007720000003, 0.7165127799999998]","[1.049320163, 1.0491154710000001, 1.046987918]",0.4413481470000005,0.7165127799999998,0.0006665519999993208,1.049320163,1.046987918,0.22226247833951762,/home/tung/Parallel-Programming-Project/mpi-sinkhorn-step/results/bench_cpp_wifi3_25_26_190_report_suite/baseline_mpi_n3000_np3_iters50_rep3.json
baseline,mpi,3000,3,50,4,0.98360768,0.1000810179544053,3.0041238843325074e-09,3.004123933555286e-09,50,1200000,vmubuntu;VMubuntu;quan,"[1000, 1000, 1000]","[0.41777712700000047, 0.45278351700000014, 0.32874714499999996]","[0.56134567, 0.5306385370000003, 0.6493488980000002]","[0.979274898, 0.98360768, 0.9785108530000001]",0.45278351700000014,0.6493488980000002,0.00041480999999987667,0.98360768,0.9785108530000001,0.5181768202541805,/home/tung/Parallel-Programming-Project/mpi-sinkhorn-step/results/bench_cpp_wifi3_25_26_190_report_suite/baseline_mpi_n3000_np3_iters50_rep4.json
baseline,seq,4000,1,50,1,3.400646301,0.10001810744139047,4.003998679814012e-09,4.0039986399695825e-09,0,0,vmubuntu,[],[],[],[],nan,nan,nan,3.400646301,3.400646301,0.0,/home/tung/Parallel-Programming-Project/mpi-sinkhorn-step/results/bench_cpp_wifi3_25_26_190_report_suite/baseline_seq_n4000_iters50_rep1.json
baseline,seq,4000,1,50,2,2.083510048,0.10001810744139047,4.003998679814012e-09,4.0039986399695825e-09,0,0,vmubuntu,[],[],[],[],nan,nan,nan,2.083510048,2.083510048,0.0,/home/tung/Parallel-Programming-Project/mpi-sinkhorn-step/results/bench_cpp_wifi3_25_26_190_report_suite/baseline_seq_n4000_iters50_rep2.json
baseline,seq,4000,1,50,3,2.13745223,0.10001810744139047,4.003998679814012e-09,4.0039986399695825e-09,0,0,vmubuntu,[],[],[],[],nan,nan,nan,2.13745223,2.13745223,0.0,/home/tung/Parallel-Programming-Project/mpi-sinkhorn-step/results/bench_cpp_wifi3_25_26_190_report_suite/baseline_seq_n4000_iters50_rep3.json
baseline,seq,4000,1,50,4,2.262951735,0.10001810744139047,4.003998679814012e-09,4.0039986399695825e-09,0,0,vmubuntu,[],[],[],[],nan,nan,nan,2.262951735,2.262951735,0.0,/home/tung/Parallel-Programming-Project/mpi-sinkhorn-step/results/bench_cpp_wifi3_25_26_190_report_suite/baseline_seq_n4000_iters50_rep4.json
baseline,mpi,4000,3,50,1,1.44148644,0.10001810744138509,4.003998677537188e-09,4.003998671519866e-09,50,1600000,vmubuntu;VMubuntu;quan,"[1334, 1333, 1333]","[0.733054639, 0.768780053, 0.6282050910000003]","[0.7052124280000007, 0.6716685180000004, 0.8116703979999997]","[1.438474685, 1.44148644, 1.4402863849999998]",0.768780053,0.8116703979999997,0.0010378689999996915,1.44148644,1.438474685,0.20893398067622124,/home/tung/Parallel-Programming-Project/mpi-sinkhorn-step/results/bench_cpp_wifi3_25_26_190_report_suite/baseline_mpi_n4000_np3_iters50_rep1.json
baseline,mpi,4000,3,50,2,1.365908316,0.10001810744138509,4.003998677537188e-09,4.003998671519866e-09,50,1600000,vmubuntu;VMubuntu;quan,"[1334, 1333, 1333]","[0.7403639109999994, 0.7233857340000001, 0.591187873]","[0.6218211879999997, 0.6422876300000002, 0.7733899899999997]","[1.362397264, 1.365908316, 1.365010576]",0.7403639109999994,0.7733899899999997,0.00043271300000025104,1.365908316,1.362397264,0.2570488779424142,/home/tung/Parallel-Programming-Project/mpi-sinkhorn-step/results/bench_cpp_wifi3_25_26_190_report_suite/baseline_mpi_n4000_np3_iters50_rep2.json
baseline,mpi,4000,3,50,3,1.381442906,0.10001810744138509,4.003998677537188e-09,4.003998671519866e-09,50,1600000,vmubuntu;VMubuntu;quan,"[1334, 1333, 1333]","[0.7379159839999998, 0.7343448490000005, 0.5838144129999997]","[0.638292019, 0.646058359, 0.7972734030000004]","[1.376414758, 1.380630754, 1.381442906]",0.7379159839999998,0.7972734030000004,0.0003550899999998913,1.381442906,1.376414758,0.36397798115009944,/home/tung/Parallel-Programming-Project/mpi-sinkhorn-step/results/bench_cpp_wifi3_25_26_190_report_suite/baseline_mpi_n4000_np3_iters50_rep3.json
baseline,mpi,4000,3,50,4,1.462143591,0.10001810744138509,4.003998677537188e-09,4.003998671519866e-09,50,1600000,vmubuntu;VMubuntu;quan,"[1334, 1333, 1333]","[0.753966717, 0.7676080319999997, 0.5986804280000004]","[0.6941026850000007, 0.6942935419999999, 0.8476594929999994]","[1.4482899889999998, 1.462143591, 1.446723932]",0.7676080319999997,0.8476594929999994,0.00038401100000018396,1.462143591,1.446723932,1.0545926607286258,/home/tung/Parallel-Programming-Project/mpi-sinkhorn-step/results/bench_cpp_wifi3_25_26_190_report_suite/baseline_mpi_n4000_np3_iters50_rep4.json
baseline,seq,5000,1,50,1,4.413804549,0.10002145491730256,5.004002774319262e-09,5.0040027965454065e-09,0,0,vmubuntu,[],[],[],[],nan,nan,nan,4.413804549,4.413804549,0.0,/home/tung/Parallel-Programming-Project/mpi-sinkhorn-step/results/bench_cpp_wifi3_25_26_190_report_suite/baseline_seq_n5000_iters50_rep1.json
baseline,seq,5000,1,50,2,3.227300304,0.10002145491730256,5.004002774319262e-09,5.0040027965454065e-09,0,0,vmubuntu,[],[],[],[],nan,nan,nan,3.227300304,3.227300304,0.0,/home/tung/Parallel-Programming-Project/mpi-sinkhorn-step/results/bench_cpp_wifi3_25_26_190_report_suite/baseline_seq_n5000_iters50_rep2.json
baseline,seq,5000,1,50,3,3.325595517,0.10002145491730256,5.004002774319262e-09,5.0040027965454065e-09,0,0,vmubuntu,[],[],[],[],nan,nan,nan,3.325595517,3.325595517,0.0,/home/tung/Parallel-Programming-Project/mpi-sinkhorn-step/results/bench_cpp_wifi3_25_26_190_report_suite/baseline_seq_n5000_iters50_rep3.json
baseline,seq,5000,1,50,4,3.243012321,0.10002145491730256,5.004002774319262e-09,5.0040027965454065e-09,0,0,vmubuntu,[],[],[],[],nan,nan,nan,3.243012321,3.243012321,0.0,/home/tung/Parallel-Programming-Project/mpi-sinkhorn-step/results/bench_cpp_wifi3_25_26_190_report_suite/baseline_seq_n5000_iters50_rep4.json
baseline,mpi,5000,3,50,1,2.893600987,0.1000214549172947,5.004002762338828e-09,5.004002785513649e-09,50,2000000,vmubuntu;VMubuntu;quan,"[1667, 1667, 1666]","[1.1482778420000004, 1.6370112749999999, 1.648107737000001]","[1.7389171110000001, 1.2551077309999994, 1.2445134189999998]","[2.888296539, 2.893356232, 2.893600987]",1.648107737000001,1.7389171110000001,0.0012372260000006463,2.893600987,2.888296539,0.18331649815683318,/home/tung/Parallel-Programming-Project/mpi-sinkhorn-step/results/bench_cpp_wifi3_25_26_190_report_suite/baseline_mpi_n5000_np3_iters50_rep1.json
baseline,mpi,5000,3,50,2,1.920133575,0.1000214549172947,5.004002762338828e-09,5.004002785513649e-09,50,2000000,vmubuntu;VMubuntu;quan,"[1667, 1667, 1666]","[1.1446052649999998, 1.1218407079999992, 0.9077106989999999]","[0.7739999229999999, 0.7980272870000003, 1.00634396]","[1.9188716689999998, 1.920133575, 1.914556399]",1.1446052649999998,1.00634396,0.0005017400000002503,1.920133575,1.914556399,0.2904577094330456,/home/tung/Parallel-Programming-Project/mpi-sinkhorn-step/results/bench_cpp_wifi3_25_26_190_report_suite/baseline_mpi_n5000_np3_iters50_rep2.json
baseline,mpi,5000,3,50,3,1.8492126260000001,0.1000214549172947,5.004002762338828e-09,5.004002785513649e-09,50,2000000,vmubuntu;VMubuntu;quan,"[1667, 1667, 1666]","[1.14678157, 1.1499364479999992, 0.892693638]","[0.6982402430000002, 0.6989893270000002, 0.9488212090000002]","[1.845269325, 1.8492126260000001, 1.8420498730000001]",1.1499364479999992,0.9488212090000002,0.000535025999999883,1.8492126260000001,1.8420498730000001,0.387340692967993,/home/tung/Parallel-Programming-Project/mpi-sinkhorn-step/results/bench_cpp_wifi3_25_26_190_report_suite/baseline_mpi_n5000_np3_iters50_rep3.json
baseline,mpi,5000,3,50,4,1.9745017249999999,0.1000214549172947,5.004002762338828e-09,5.004002785513649e-09,50,2000000,vmubuntu;VMubuntu;quan,"[1667, 1667, 1666]","[1.1693177660000007, 1.145679766, 0.9248274409999999]","[0.7993592150000005, 0.8285478539999991, 1.0446850049999996]","[1.96897374, 1.9745017249999999, 1.970101017]",1.1693177660000007,1.0446850049999996,0.0005885710000004263,1.9745017249999999,1.96897374,0.2799686082826718,/home/tung/Parallel-Programming-Project/mpi-sinkhorn-step/results/bench_cpp_wifi3_25_26_190_report_suite/baseline_mpi_n5000_np3_iters50_rep4.json
baseline,seq,6000,1,50,1,5.859907896999999,0.09999779825360905,6.004001594451993e-09,6.004001623047825e-09,0,0,vmubuntu,[],[],[],[],nan,nan,nan,5.859907896999999,5.859907896999999,0.0,/home/tung/Parallel-Programming-Project/mpi-sinkhorn-step/results/bench_cpp_wifi3_25_26_190_report_suite/baseline_seq_n6000_iters50_rep1.json
baseline,seq,6000,1,50,2,4.534649477,0.09999779825360905,6.004001594451993e-09,6.004001623047825e-09,0,0,vmubuntu,[],[],[],[],nan,nan,nan,4.534649477,4.534649477,0.0,/home/tung/Parallel-Programming-Project/mpi-sinkhorn-step/results/bench_cpp_wifi3_25_26_190_report_suite/baseline_seq_n6000_iters50_rep2.json
baseline,seq,6000,1,50,3,5.054608399,0.09999779825360905,6.004001594451993e-09,6.004001623047825e-09,0,0,vmubuntu,[],[],[],[],nan,nan,nan,5.054608399,5.054608399,0.0,/home/tung/Parallel-Programming-Project/mpi-sinkhorn-step/results/bench_cpp_wifi3_25_26_190_report_suite/baseline_seq_n6000_iters50_rep3.json
baseline,seq,6000,1,50,4,6.15331715,0.09999779825360905,6.004001594451993e-09,6.004001623047825e-09,0,0,vmubuntu,[],[],[],[],nan,nan,nan,6.15331715,6.15331715,0.0,/home/tung/Parallel-Programming-Project/mpi-sinkhorn-step/results/bench_cpp_wifi3_25_26_190_report_suite/baseline_seq_n6000_iters50_rep4.json
baseline,mpi,6000,3,50,1,2.86628025,0.09999779825359978,6.0040015687835065e-09,6.004001578595536e-09,50,2400000,vmubuntu;VMubuntu;quan,"[2000, 2000, 2000]","[1.9379016380000014, 1.9471449000000014, 1.5596012080000006]","[0.9215515839999995, 0.914593492, 1.3060944420000011]","[2.8606387119999996, 2.86390719, 2.86628025]",1.9471449000000014,1.3060944420000011,0.002168797999998584,2.86628025,2.8606387119999996,0.1968243684475841,/home/tung/Parallel-Programming-Project/mpi-sinkhorn-step/results/bench_cpp_wifi3_25_26_190_report_suite/baseline_mpi_n6000_np3_iters50_rep1.json
baseline,mpi,6000,3,50,2,2.6701632060000002,0.09999779825359978,6.0040015687835065e-09,6.004001578595536e-09,50,2400000,vmubuntu;VMubuntu;quan,"[2000, 2000, 2000]","[1.6832347329999997, 1.6309439489999984, 1.358372228000001]","[0.9834340249999995, 1.0389061990000004, 1.3109458929999995]","[2.666977905, 2.6701632060000002, 2.66992993]",1.6832347329999997,1.3109458929999995,0.0006118089999993526,2.6701632060000002,2.666977905,0.1192923710746485,/home/tung/Parallel-Programming-Project/mpi-sinkhorn-step/results/bench_cpp_wifi3_25_26_190_report_suite/baseline_mpi_n6000_np3_iters50_rep2.json
baseline,mpi,6000,3,50,3,2.4309274320000003,0.09999779825359978,6.0040015687835065e-09,6.004001578595536e-09,50,2400000,vmubuntu;VMubuntu;quan,"[2000, 2000, 2000]","[1.6437690500000006, 1.6377943750000004, 1.2788434820000003]","[0.7849863009999996, 0.79175924, 1.1515293900000003]","[2.429064514, 2.429871792, 2.4309274320000003]",1.6437690500000006,1.1515293900000003,0.0005545599999996487,2.4309274320000003,2.429064514,0.07663404408858926,/home/tung/Parallel-Programming-Project/mpi-sinkhorn-step/results/bench_cpp_wifi3_25_26_190_report_suite/baseline_mpi_n6000_np3_iters50_rep3.json
baseline,mpi,6000,3,50,4,2.4757319769999997,0.09999779825359978,6.0040015687835065e-09,6.004001578595536e-09,50,2400000,vmubuntu;VMubuntu;quan,"[2000, 2000, 2000]","[1.647584993999999, 1.6647063209999995, 1.2755203169999998]","[0.8199850930000002, 0.8106836219999999, 1.1944439909999995]","[2.468041764, 2.4757319769999997, 2.4705367920000003]",1.6647063209999995,1.1944439909999995,0.0005724840000009834,2.4757319769999997,2.468041764,0.31062381030915664,/home/tung/Parallel-Programming-Project/mpi-sinkhorn-step/results/bench_cpp_wifi3_25_26_190_report_suite/baseline_mpi_n6000_np3_iters50_rep4.json
baseline,seq,7000,1,50,1,8.208947384,0.10000462254474766,7.0039613758526246e-09,7.00396134118526e-09,0,0,vmubuntu,[],[],[],[],nan,nan,nan,8.208947384,8.208947384,0.0,/home/tung/Parallel-Programming-Project/mpi-sinkhorn-step/results/bench_cpp_wifi3_25_26_190_report_suite/baseline_seq_n7000_iters50_rep1.json
baseline,seq,7000,1,50,2,6.0705481,0.10000462254474766,7.0039613758526246e-09,7.00396134118526e-09,0,0,vmubuntu,[],[],[],[],nan,nan,nan,6.0705481,6.0705481,0.0,/home/tung/Parallel-Programming-Project/mpi-sinkhorn-step/results/bench_cpp_wifi3_25_26_190_report_suite/baseline_seq_n7000_iters50_rep2.json
baseline,seq,7000,1,50,3,6.492076488,0.10000462254474766,7.0039613758526246e-09,7.00396134118526e-09,0,0,vmubuntu,[],[],[],[],nan,nan,nan,6.492076488,6.492076488,0.0,/home/tung/Parallel-Programming-Project/mpi-sinkhorn-step/results/bench_cpp_wifi3_25_26_190_report_suite/baseline_seq_n7000_iters50_rep3.json
baseline,seq,7000,1,50,4,6.287054763,0.10000462254474766,7.0039613758526246e-09,7.00396134118526e-09,0,0,vmubuntu,[],[],[],[],nan,nan,nan,6.287054763,6.287054763,0.0,/home/tung/Parallel-Programming-Project/mpi-sinkhorn-step/results/bench_cpp_wifi3_25_26_190_report_suite/baseline_seq_n7000_iters50_rep4.json
baseline,mpi,7000,3,50,1,3.87534658,0.10000462254472511,7.003961358640915e-09,7.003961360538269e-09,50,2800000,vmubuntu;VMubuntu;quan,"[2334, 2333, 2333]","[3.024779653, 2.186987979000002, 1.8079027859999992]","[0.8434547910000013, 1.6866379280000028, 2.0608080190000004]","[3.8701116869999996, 3.87534658, 3.869445969]",3.024779653,2.0608080190000004,0.001877242999998363,3.87534658,3.869445969,0.15226021410451357,/home/tung/Parallel-Programming-Project/mpi-sinkhorn-step/results/bench_cpp_wifi3_25_26_190_report_suite/baseline_mpi_n7000_np3_iters50_rep1.json
baseline,mpi,7000,3,50,2,3.17695925,0.10000462254472511,7.003961358640915e-09,7.003961360538269e-09,50,2800000,vmubuntu;VMubuntu;quan,"[2334, 2333, 2333]","[2.287579857000001, 2.1867224679999984, 1.7437129429999993]","[0.886305106999999, 0.989865898999999, 1.4272792840000026]","[3.174245295, 3.17695925, 3.171841214]",2.287579857000001,1.4272792840000026,0.0008489869999981359,3.17695925,3.171841214,0.16109857247932363,/home/tung/Parallel-Programming-Project/mpi-sinkhorn-step/results/bench_cpp_wifi3_25_26_190_report_suite/baseline_mpi_n7000_np3_iters50_rep2.json
baseline,mpi,7000,3,50,3,3.102201587,0.10000462254472511,7.003961358640915e-09,7.003961360538269e-09,50,2800000,vmubuntu;VMubuntu;quan,"[2334, 2333, 2333]","[2.2768362220000014, 2.211356142, 1.736442517]","[0.8212261209999991, 0.8902967610000009, 1.3593610429999998]","[3.098573992, 3.102201587, 3.0964190929999997]",2.2768362220000014,1.3593610429999998,0.0006155329999999459,3.102201587,3.0964190929999997,0.18639968544379495,/home/tung/Parallel-Programming-Project/mpi-sinkhorn-step/results/bench_cpp_wifi3_25_26_190_report_suite/baseline_mpi_n7000_np3_iters50_rep3.json
baseline,mpi,7000,3,50,4,3.215596978,0.10000462254472511,7.003961358640915e-09,7.003961360538269e-09,50,2800000,vmubuntu;VMubuntu;quan,"[2334, 2333, 2333]","[2.379788771, 2.2962570600000016, 1.7297335440000012]","[0.8354468650000002, 0.9181822959999997, 1.481255146000001]","[3.215596978, 3.2148123170000003, 3.211717841]",2.379788771,1.481255146000001,0.0007291509999978185,3.215596978,3.211717841,0.12063504930934783,/home/tung/Parallel-Programming-Project/mpi-sinkhorn-step/results/bench_cpp_wifi3_25_26_190_report_suite/baseline_mpi_n7000_np3_iters50_rep4.json
baseline,seq,8000,1,50,1,10.13035124,0.09999732950020368,8.003961391426671e-09,8.003961402810794e-09,0,0,vmubuntu,[],[],[],[],nan,nan,nan,10.13035124,10.13035124,0.0,/home/tung/Parallel-Programming-Project/mpi-sinkhorn-step/results/bench_cpp_wifi3_25_26_190_report_suite/baseline_seq_n8000_iters50_rep1.json
baseline,seq,8000,1,50,2,8.816719646,0.09999732950020368,8.003961391426671e-09,8.003961402810794e-09,0,0,vmubuntu,[],[],[],[],nan,nan,nan,8.816719646,8.816719646,0.0,/home/tung/Parallel-Programming-Project/mpi-sinkhorn-step/results/bench_cpp_wifi3_25_26_190_report_suite/baseline_seq_n8000_iters50_rep2.json
baseline,seq,8000,1,50,3,8.002353938,0.09999732950020368,8.003961391426671e-09,8.003961402810794e-09,0,0,vmubuntu,[],[],[],[],nan,nan,nan,8.002353938,8.002353938,0.0,/home/tung/Parallel-Programming-Project/mpi-sinkhorn-step/results/bench_cpp_wifi3_25_26_190_report_suite/baseline_seq_n8000_iters50_rep3.json
baseline,seq,8000,1,50,4,8.576006725000001,0.09999732950020368,8.003961391426671e-09,8.003961402810794e-09,0,0,vmubuntu,[],[],[],[],nan,nan,nan,8.576006725000001,8.576006725000001,0.0,/home/tung/Parallel-Programming-Project/mpi-sinkhorn-step/results/bench_cpp_wifi3_25_26_190_report_suite/baseline_seq_n8000_iters50_rep4.json
baseline,mpi,8000,3,50,1,4.390529519999999,0.09999732950017405,8.003961392971659e-09,8.00396141105073e-09,50,3200000,vmubuntu;VMubuntu;quan,"[2667, 2667, 2666]","[3.4174297899999995, 2.9116320069999997, 2.283430013000001]","[0.9669602159999984, 1.4727107599999993, 2.106425601999999]","[4.3862333630000006, 4.3864617820000005, 4.390529519999999]",3.4174297899999995,2.106425601999999,0.002119015000001445,4.390529519999999,4.3862333630000006,0.09785054354898991,/home/tung/Parallel-Programming-Project/mpi-sinkhorn-step/results/bench_cpp_wifi3_25_26_190_report_suite/baseline_mpi_n8000_np3_iters50_rep1.json
baseline,mpi,8000,3,50,2,4.609138107,0.09999732950017405,8.003961392971659e-09,8.00396141105073e-09,50,3200000,vmubuntu;VMubuntu;quan,"[2667, 2667, 2666]","[3.234074285, 2.888586149999999, 2.2587590769999997]","[1.3730829590000024, 1.7197826550000008, 2.3453986499999973]","[4.6077269030000005, 4.609138107, 4.604889110999999]",3.234074285,2.3453986499999973,0.0007693019999996942,4.609138107,4.604889110999999,0.0921863459362877,/home/tung/Parallel-Programming-Project/mpi-sinkhorn-step/results/bench_cpp_wifi3_25_26_190_report_suite/baseline_mpi_n8000_np3_iters50_rep2.json
baseline,mpi,8000,3,50,3,3.8122733600000003,0.09999732950017405,8.003961392971659e-09,8.00396141105073e-09,50,3200000,vmubuntu;VMubuntu;quan,"[2667, 2667, 2666]","[2.9753502789999993, 2.8816681219999998, 2.2562428160000003]","[0.8305347870000004, 0.9301324569999994, 1.5534261010000012]","[3.806753108, 3.8122733600000003, 3.8103761069999997]",2.9753502789999993,1.5534261010000012,0.0008680420000004574,3.8122733600000003,3.806753108,0.14480210306850003,/home/tung/Parallel-Programming-Project/mpi-sinkhorn-step/results/bench_cpp_wifi3_25_26_190_report_suite/baseline_mpi_n8000_np3_iters50_rep3.json
baseline,mpi,8000,3,50,4,3.867418089,0.09999732950017405,8.003961392971659e-09,8.00396141105073e-09,50,3200000,vmubuntu;VMubuntu;quan,"[2667, 2667, 2666]","[2.950154286, 2.925837526000001, 2.2526826130000006]","[0.9116985669999995, 0.9408887410000004, 1.6121397299999995]","[3.862491663, 3.867418089, 3.865591274]",2.950154286,1.6121397299999995,0.0007689309999996397,3.867418089,3.862491663,0.1273828142349553,/home/tung/Parallel-Programming-Project/mpi-sinkhorn-step/results/bench_cpp_wifi3_25_26_190_report_suite/baseline_mpi_n8000_np3_iters50_rep4.json
baseline,seq,9000,1,50,1,12.374905379,0.09999960189824096,9.00395704661063e-09,9.003957000193225e-09,0,0,vmubuntu,[],[],[],[],nan,nan,nan,12.374905379,12.374905379,0.0,/home/tung/Parallel-Programming-Project/mpi-sinkhorn-step/results/bench_cpp_wifi3_25_26_190_report_suite/baseline_seq_n9000_iters50_rep1.json
baseline,seq,9000,1,50,2,10.605875355,0.09999960189824096,9.00395704661063e-09,9.003957000193225e-09,0,0,vmubuntu,[],[],[],[],nan,nan,nan,10.605875355,10.605875355,0.0,/home/tung/Parallel-Programming-Project/mpi-sinkhorn-step/results/bench_cpp_wifi3_25_26_190_report_suite/baseline_seq_n9000_iters50_rep2.json
baseline,seq,9000,1,50,3,10.111020509,0.09999960189824096,9.00395704661063e-09,9.003957000193225e-09,0,0,vmubuntu,[],[],[],[],nan,nan,nan,10.111020509,10.111020509,0.0,/home/tung/Parallel-Programming-Project/mpi-sinkhorn-step/results/bench_cpp_wifi3_25_26_190_report_suite/baseline_seq_n9000_iters50_rep3.json
baseline,seq,9000,1,50,4,11.808540239,0.09999960189824096,9.00395704661063e-09,9.003957000193225e-09,0,0,vmubuntu,[],[],[],[],nan,nan,nan,11.808540239,11.808540239,0.0,/home/tung/Parallel-Programming-Project/mpi-sinkhorn-step/results/bench_cpp_wifi3_25_26_190_report_suite/baseline_seq_n9000_iters50_rep4.json
baseline,mpi,9000,3,50,1,5.209998855,0.09999960189822804,9.003957010452488e-09,9.003956967924658e-09,50,3600000,vmubuntu;VMubuntu;quan,"[3000, 3000, 3000]","[4.229560845999999, 3.969983835999999, 3.1814963299999985]","[0.9760244159999987, 1.2372615969999994, 2.027688823999997]","[5.207723110000001, 5.209442406, 5.209998855]",4.229560845999999,2.027688823999997,0.0021969730000015453,5.209998855,5.207723110000001,0.0436803358951889,/home/tung/Parallel-Programming-Project/mpi-sinkhorn-step/results/bench_cpp_wifi3_25_26_190_report_suite/baseline_mpi_n9000_np3_iters50_rep1.json
baseline,mpi,9000,3,50,2,5.278506723,0.09999960189822804,9.003957010452488e-09,9.003956967924658e-09,50,3600000,vmubuntu;VMubuntu;quan,"[3000, 3000, 3000]","[4.371260291999999, 3.631325708, 2.862593059999996]","[0.9017779380000029, 1.6461896389999984, 2.4151392640000005]","[5.273927231, 5.278005829, 5.278506723]",4.371260291999999,2.4151392640000005,0.000889000999998335,5.278506723,5.273927231,0.08675733953402638,/home/tung/Parallel-Programming-Project/mpi-sinkhorn-step/results/bench_cpp_wifi3_25_26_190_report_suite/baseline_mpi_n9000_np3_iters50_rep2.json
baseline,mpi,9000,3,50,3,4.716954499000001,0.09999960189822804,9.003957010452488e-09,9.003956967924658e-09,50,3600000,vmubuntu;VMubuntu;quan,"[3000, 3000, 3000]","[3.664624426999999, 3.7097708429999994, 2.8493737010000006]","[1.0473226649999992, 1.0063326490000013, 1.8635911490000006]","[4.712532958, 4.716954499000001, 4.713875979]",3.7097708429999994,1.8635911490000006,0.0009111289999987893,4.716954499000001,4.712532958,0.09373719846011658,/home/tung/Parallel-Programming-Project/mpi-sinkhorn-step/results/bench_cpp_wifi3_25_26_190_report_suite/baseline_mpi_n9000_np3_iters50_rep3.json
baseline,mpi,9000,3,50,4,4.837084034,0.09999960189822804,9.003957010452488e-09,9.003956967924658e-09,50,3600000,vmubuntu;VMubuntu;quan,"[3000, 3000, 3000]","[3.7109037290000018, 3.7068511309999983, 2.857429894000001]","[1.1219827260000024, 1.1282743600000003, 1.9787651890000015]","[4.833378037, 4.835994523, 4.837084034]",3.7109037290000018,1.9787651890000015,0.0008889509999976397,4.837084034,4.833378037,0.07661634517718534,/home/tung/Parallel-Programming-Project/mpi-sinkhorn-step/results/bench_cpp_wifi3_25_26_190_report_suite/baseline_mpi_n9000_np3_iters50_rep4.json
baseline,seq,10000,1,50,1,16.224094811999997,0.09999382893214502,1.0003939657094178e-08,1.0003939648176616e-08,0,0,vmubuntu,[],[],[],[],nan,nan,nan,16.224094811999997,16.224094811999997,0.0,/home/tung/Parallel-Programming-Project/mpi-sinkhorn-step/results/bench_cpp_wifi3_25_26_190_report_suite/baseline_seq_n10000_iters50_rep1.json
baseline,seq,10000,1,50,2,12.419308291,0.09999382893214502,1.0003939657094178e-08,1.0003939648176616e-08,0,0,vmubuntu,[],[],[],[],nan,nan,nan,12.419308291,12.419308291,0.0,/home/tung/Parallel-Programming-Project/mpi-sinkhorn-step/results/bench_cpp_wifi3_25_26_190_report_suite/baseline_seq_n10000_iters50_rep2.json
baseline,seq,10000,1,50,3,12.289189312,0.09999382893214502,1.0003939657094178e-08,1.0003939648176616e-08,0,0,vmubuntu,[],[],[],[],nan,nan,nan,12.289189312,12.289189312,0.0,/home/tung/Parallel-Programming-Project/mpi-sinkhorn-step/results/bench_cpp_wifi3_25_26_190_report_suite/baseline_seq_n10000_iters50_rep3.json
baseline,seq,10000,1,50,4,12.712910476,0.09999382893214502,1.0003939657094178e-08,1.0003939648176616e-08,0,0,vmubuntu,[],[],[],[],nan,nan,nan,12.712910476,12.712910476,0.0,/home/tung/Parallel-Programming-Project/mpi-sinkhorn-step/results/bench_cpp_wifi3_25_26_190_report_suite/baseline_seq_n10000_iters50_rep4.json
baseline,mpi,10000,3,50,1,7.30141925,0.09999382893214112,1.0003939636751835e-08,1.0003939617724087e-08,50,4000000,vmubuntu;VMubuntu;quan,"[3334, 3333, 3333]","[5.173170927000001, 5.045748996, 4.180574621000002]","[2.121946013999997, 2.2532176140000035, 3.1168254039999974]","[7.297857067000001, 7.30141925, 7.298792071]",5.173170927000001,3.1168254039999974,0.0027401260000026184,7.30141925,7.297857067000001,0.04878754223022686,/home/tung/Parallel-Programming-Project/mpi-sinkhorn-step/results/bench_cpp_wifi3_25_26_190_report_suite/baseline_mpi_n10000_np3_iters50_rep1.json
baseline,mpi,10000,3,50,2,8.686865913,0.09999382893214112,1.0003939636751835e-08,1.0003939617724087e-08,50,4000000,vmubuntu;VMubuntu;quan,"[3334, 3333, 3333]","[6.775798349999998, 4.536675174000003, 3.533907029]","[1.9099822049999986, 4.149347828, 5.152045741999999]","[8.686769639, 8.686570293, 8.686865913]",6.775798349999998,5.152045741999999,0.000989084000003082,8.686865913,8.686570293,0.003403068528511254,/home/tung/Parallel-Programming-Project/mpi-sinkhorn-step/results/bench_cpp_wifi3_25_26_190_report_suite/baseline_mpi_n10000_np3_iters50_rep2.json
baseline,mpi,10000,3,50,3,5.797522433,0.09999382893214112,1.0003939636751835e-08,1.0003939617724087e-08,50,4000000,vmubuntu;VMubuntu;quan,"[3334, 3333, 3333]","[4.808952816999998, 4.561479364000002, 3.491682182999998]","[0.9800277930000012, 1.2343271519999996, 2.304823259000001]","[5.78955519, 5.796386888, 5.797522433]",4.808952816999998,2.304823259000001,0.0010169910000010773,5.797522433,5.78955519,0.13742496199152526,/home/tung/Parallel-Programming-Project/mpi-sinkhorn-step/results/bench_cpp_wifi3_25_26_190_report_suite/baseline_mpi_n10000_np3_iters50_rep3.json
baseline,mpi,10000,3,50,4,5.621956827,0.09999382893214112,1.0003939636751835e-08,1.0003939617724087e-08,50,4000000,vmubuntu;VMubuntu;quan,"[3334, 3333, 3333]","[4.559344777999998, 4.588276587000002, 3.525607824000003]","[1.060025659, 1.0330815090000007, 2.0888511419999976]","[5.619922851, 5.621956827, 5.615275539]",4.588276587000002,2.0888511419999976,0.0008165729999993765,5.621956827,5.615275539,0.11884274827427858,/home/tung/Parallel-Programming-Project/mpi-sinkhorn-step/results/bench_cpp_wifi3_25_26_190_report_suite/baseline_mpi_n10000_np3_iters50_rep4.json
baseline,seq,11000,1,50,1,17.295378057,0.099998285728546,1.1003922502009341e-08,1.100392250640036e-08,0,0,vmubuntu,[],[],[],[],nan,nan,nan,17.295378057,17.295378057,0.0,/home/tung/Parallel-Programming-Project/mpi-sinkhorn-step/results/bench_cpp_wifi3_25_26_190_report_suite/baseline_seq_n11000_iters50_rep1.json
baseline,seq,11000,1,50,2,14.893894707,0.099998285728546,1.1003922502009341e-08,1.100392250640036e-08,0,0,vmubuntu,[],[],[],[],nan,nan,nan,14.893894707,14.893894707,0.0,/home/tung/Parallel-Programming-Project/mpi-sinkhorn-step/results/bench_cpp_wifi3_25_26_190_report_suite/baseline_seq_n11000_iters50_rep2.json
baseline,seq,11000,1,50,3,14.930178246999999,0.099998285728546,1.1003922502009341e-08,1.100392250640036e-08,0,0,vmubuntu,[],[],[],[],nan,nan,nan,14.930178246999999,14.930178246999999,0.0,/home/tung/Parallel-Programming-Project/mpi-sinkhorn-step/results/bench_cpp_wifi3_25_26_190_report_suite/baseline_seq_n11000_iters50_rep3.json
baseline,seq,11000,1,50,4,15.195514081999999,0.099998285728546,1.1003922502009341e-08,1.100392250640036e-08,0,0,vmubuntu,[],[],[],[],nan,nan,nan,15.195514081999999,15.195514081999999,0.0,/home/tung/Parallel-Programming-Project/mpi-sinkhorn-step/results/bench_cpp_wifi3_25_26_190_report_suite/baseline_seq_n11000_iters50_rep4.json
baseline,mpi,11000,3,50,1,8.24837203,0.09999828572853049,1.1003922541772456e-08,1.1003922575464039e-08,50,4400000,vmubuntu;VMubuntu;quan,"[3667, 3667, 3666]","[6.207857602000001, 6.275602722999996, 5.3506545260000005]","[2.0379659820000016, 1.9686498130000003, 2.891898348999998]","[8.24837203, 8.247073986, 8.243462737]",6.275602722999996,2.891898348999998,0.002821450000003889,8.24837203,8.243462737,0.059518326551533565,/home/tung/Parallel-Programming-Project/mpi-sinkhorn-step/results/bench_cpp_wifi3_25_26_190_report_suite/baseline_mpi_n11000_np3_iters50_rep1.json
baseline,mpi,11000,3,50,2,7.5522756079999995,0.09999828572853049,1.1003922541772456e-08,1.1003922575464039e-08,50,4400000,vmubuntu;VMubuntu;quan,"[3667, 3667, 3666]","[6.51596483, 5.471196079999997, 4.351424483000004]","[1.0341286600000004, 2.075580618999999, 3.197818005999996]","[7.5522756079999995, 7.54772748, 7.550469161]",6.51596483,3.197818005999996,0.0021821179999994555,7.5522756079999995,7.54772748,0.06022195475999249,/home/tung/Parallel-Programming-Project/mpi-sinkhorn-step/results/bench_cpp_wifi3_25_26_190_report_suite/baseline_mpi_n11000_np3_iters50_rep2.json
baseline,mpi,11000,3,50,3,6.87267909,0.09999828572853049,1.1003922541772456e-08,1.1003922575464039e-08,50,4400000,vmubuntu;VMubuntu;quan,"[3667, 3667, 3666]","[5.635728764, 5.482000829000001, 4.604609245000004]","[1.2349305740000003, 1.3898172900000003, 2.260839635999999]","[6.871521749, 6.87267909, 6.866678525]",5.635728764,2.260839635999999,0.00122964399999681,6.87267909,6.866678525,0.08731042030946773,/home/tung/Parallel-Programming-Project/mpi-sinkhorn-step/results/bench_cpp_wifi3_25_26_190_report_suite/baseline_mpi_n11000_np3_iters50_rep3.json
baseline,mpi,11000,3,50,4,6.817602724,0.09999828572853049,1.1003922541772456e-08,1.1003922575464039e-08,50,4400000,vmubuntu;VMubuntu;quan,"[3667, 3667, 3666]","[5.524293953999999, 5.588776542999999, 4.254594238000002]","[1.2845585389999998, 1.228129530999999, 2.5570540410000007]","[6.809524381, 6.817602724, 6.812453716]",5.588776542999999,2.5570540410000007,0.0008054369999976885,6.817602724,6.809524381,0.1184924280137654,/home/tung/Parallel-Programming-Project/mpi-sinkhorn-step/results/bench_cpp_wifi3_25_26_190_report_suite/baseline_mpi_n11000_np3_iters50_rep4.json
baseline,seq,12000,1,50,1,22.353779348,0.0999991823607845,1.2003910782558544e-08,1.2003910757743866e-08,0,0,vmubuntu,[],[],[],[],nan,nan,nan,22.353779348,22.353779348,0.0,/home/tung/Parallel-Programming-Project/mpi-sinkhorn-step/results/bench_cpp_wifi3_25_26_190_report_suite/baseline_seq_n12000_iters50_rep1.json
baseline,seq,12000,1,50,2,19.594261049,0.0999991823607845,1.2003910782558544e-08,1.2003910757743866e-08,0,0,vmubuntu,[],[],[],[],nan,nan,nan,19.594261049,19.594261049,0.0,/home/tung/Parallel-Programming-Project/mpi-sinkhorn-step/results/bench_cpp_wifi3_25_26_190_report_suite/baseline_seq_n12000_iters50_rep2.json
baseline,seq,12000,1,50,3,18.213265559,0.0999991823607845,1.2003910782558544e-08,1.2003910757743866e-08,0,0,vmubuntu,[],[],[],[],nan,nan,nan,18.213265559,18.213265559,0.0,/home/tung/Parallel-Programming-Project/mpi-sinkhorn-step/results/bench_cpp_wifi3_25_26_190_report_suite/baseline_seq_n12000_iters50_rep3.json
baseline,seq,12000,1,50,4,18.528989553,0.0999991823607845,1.2003910782558544e-08,1.2003910757743866e-08,0,0,vmubuntu,[],[],[],[],nan,nan,nan,18.528989553,18.528989553,0.0,/home/tung/Parallel-Programming-Project/mpi-sinkhorn-step/results/bench_cpp_wifi3_25_26_190_report_suite/baseline_seq_n12000_iters50_rep4.json
baseline,mpi,12000,3,50,1,8.524643794,0.09999918236084898,1.2003910753054692e-08,1.2003910722588611e-08,50,4800000,vmubuntu;VMubuntu;quan,"[4000, 4000, 4000]","[7.4406593899999995, 7.126819931, 5.658356594000002]","[1.0797625859999993, 1.394714935000003, 2.8641562309999964]","[8.523482043, 8.524643794, 8.523854616000001]",7.4406593899999995,2.8641562309999964,0.0031089279999962915,8.524643794,8.523482043,0.013628147146950586,/home/tung/Parallel-Programming-Project/mpi-sinkhorn-step/results/bench_cpp_wifi3_25_26_190_report_suite/baseline_mpi_n12000_np3_iters50_rep1.json
baseline,mpi,12000,3,50,2,8.399059277000001,0.09999918236084898,1.2003910753054692e-08,1.2003910722588611e-08,50,4800000,vmubuntu;VMubuntu;quan,"[4000, 4000, 4000]","[7.218537038999999, 6.515072702000002, 5.126739535999999]","[1.1676284659999983, 1.881661783999998, 3.2709734280000027]","[8.389305596, 8.397680927, 8.399059277000001]",7.218537038999999,3.2709734280000027,0.003140091000002343,8.399059277000001,8.389305596,0.11612825530009864,/home/tung/Parallel-Programming-Project/mpi-sinkhorn-step/results/bench_cpp_wifi3_25_26_190_report_suite/baseline_mpi_n12000_np3_iters50_rep2.json
baseline,mpi,12000,3,50,3,7.97565434,0.09999918236084898,1.2003910753054692e-08,1.2003910722588611e-08,50,4800000,vmubuntu;VMubuntu;quan,"[4000, 4000, 4000]","[6.7577282909999985, 6.647582386000002, 5.075893258000001]","[1.2165199999999992, 1.3272916360000018, 2.8944397210000026]","[7.975388372, 7.97565434, 7.971923007]",6.7577282909999985,2.8944397210000026,0.001590027999996746,7.97565434,7.971923007,0.04678403602932684,/home/tung/Parallel-Programming-Project/mpi-sinkhorn-step/results/bench_cpp_wifi3_25_26_190_report_suite/baseline_mpi_n12000_np3_iters50_rep3.json
baseline,mpi,12000,3,50,4,8.122526972,0.09999918236084898,1.2003910753054692e-08,1.2003910722588611e-08,50,4800000,vmubuntu;VMubuntu;quan,"[4000, 4000, 4000]","[6.605041151999996, 6.660639897000002, 5.322368311000006]","[1.5146340059999988, 1.4612655769999996, 2.795694733999998]","[8.120666073, 8.122526972, 8.119768335000002]",6.660639897000002,2.795694733999998,0.001705289999997639,8.122526972,8.119768335000002,0.03396279273072603,/home/tung/Parallel-Programming-Project/mpi-sinkhorn-step/results/bench_cpp_wifi3_25_26_190_report_suite/baseline_mpi_n12000_np3_iters50_rep4.json
input_calibration,mpi,8000,3,50,1,3.760022899,0.09999732950017405,8.003961392971659e-09,8.00396141105073e-09,50,3200000,vmubuntu;VMubuntu;quan,"[2667, 2667, 2666]","[2.9115718079999993, 2.9623108219999996, 2.2780695520000016]","[0.8477283849999998, 0.7971215499999977, 1.4789057340000002]","[3.759696053, 3.760022899, 3.7577994450000003]",2.9623108219999996,1.4789057340000002,0.0008241589999984367,3.760022899,3.7577994450000003,0.05913405475777876,/home/tung/Parallel-Programming-Project/mpi-sinkhorn-step/results/bench_cpp_wifi3_25_26_190_report_suite/input_calibration_mpi_n8000_np3_iters50_rep1.json
input_calibration,mpi,10000,3,50,1,5.709555254,0.09999382893214112,1.0003939636751835e-08,1.0003939617724087e-08,50,4000000,vmubuntu;VMubuntu;quan,"[3334, 3333, 3333]","[4.622992416999998, 4.597885418, 3.5345149129999975]","[1.071681869999999, 1.1109647000000042, 2.166967552]","[5.695604768, 5.709555254, 5.702639632]",4.622992416999998,2.166967552,0.00115716700000279,5.709555254,5.695604768,0.24433577361785364,/home/tung/Parallel-Programming-Project/mpi-sinkhorn-step/results/bench_cpp_wifi3_25_26_190_report_suite/input_calibration_mpi_n10000_np3_iters50_rep1.json
input_calibration,mpi,12000,3,50,1,8.954440169,0.09999918236084898,1.2003910753054692e-08,1.2003910722588611e-08,50,4800000,vmubuntu;VMubuntu;quan,"[4000, 4000, 4000]","[7.057102418000002, 6.6706110180000024, 5.172219778999996]","[1.8964260919999991, 2.2823566829999966, 3.7787549090000017]","[8.954440169, 8.953906295, 8.952242344]",7.057102418000002,3.7787549090000017,0.0012676560000022263,8.954440169,8.952242344,0.024544527167744745,/home/tung/Parallel-Programming-Project/mpi-sinkhorn-step/results/bench_cpp_wifi3_25_26_190_report_suite/input_calibration_mpi_n12000_np3_iters50_rep1.json
load_balance,mpi,8000,3,50,1,4.706965443,0.09999732950017405,8.003961392971659e-09,8.00396141105073e-09,50,3200000,vmubuntu;VMubuntu;quan,"[2667, 2667, 2666]","[3.7129279389999987, 3.053545137, 2.289531450000002]","[0.9933762309999998, 1.646371788999999, 2.412285976999999]","[4.706965443, 4.700420331, 4.702540731]",3.7129279389999987,2.412285976999999,0.000723303999999203,4.706965443,4.700420331,0.13905162634523127,/home/tung/Parallel-Programming-Project/mpi-sinkhorn-step/results/bench_cpp_wifi3_25_26_190_report_suite/load_balance_mpi_n8000_np3_iters50_rep1.json
load_balance,mpi,8000,3,50,2,4.372805199,0.09999732950017405,8.003961392971659e-09,8.00396141105073e-09,50,3200000,vmubuntu;VMubuntu;quan,"[2667, 2667, 2666]","[3.0754663180000024, 3.0342282889999983, 2.2734983130000006]","[1.2875388950000017, 1.3355330260000016, 2.098485443000001]","[4.3638682310000005, 4.370350476, 4.372805199]",3.0754663180000024,2.098485443000001,0.0008630179999964405,4.372805199,4.3638682310000005,0.20437608339020696,/home/tung/Parallel-Programming-Project/mpi-sinkhorn-step/results/bench_cpp_wifi3_25_26_190_report_suite/load_balance_mpi_n8000_np3_iters50_rep2.json
load_balance,mpi,8000,3,50,3,4.375745139,0.09999732950017405,8.003961392971659e-09,8.00396141105073e-09,50,3200000,vmubuntu;VMubuntu;quan,"[2667, 2667, 2666]","[3.285760028000001, 3.0170653600000006, 2.281922786000001]","[1.0829807879999997, 1.358058485999998, 2.080705835]","[4.369453619, 4.375745139, 4.363377754]",3.285760028000001,2.080705835,0.0007491329999993468,4.375745139,4.363377754,0.28263494804056316,/home/tung/Parallel-Programming-Project/mpi-sinkhorn-step/results/bench_cpp_wifi3_25_26_190_report_suite/load_balance_mpi_n8000_np3_iters50_rep3.json
process_sweep,mpi,8000,1,50,1,10.589251787,0.09999732950020368,8.003961391426671e-09,8.003961402810794e-09,50,3200000,vmubuntu,[8000],[10.586254752000007],[0.0005689020000003708],[10.589251787],10.586254752000007,0.0005689020000003708,0.0024281329999924495,10.589251787,10.589251787,0.0,/home/tung/Parallel-Programming-Project/mpi-sinkhorn-step/results/bench_cpp_wifi3_25_26_190_report_suite/process_sweep_mpi_n8000_np1_iters50_rep1.json
process_sweep,mpi,8000,1,50,2,9.373915804,0.09999732950020368,8.003961391426671e-09,8.003961402810794e-09,50,3200000,vmubuntu,[8000],[9.373173998999997],[0.0003614080000009512],[9.373915804],9.373173998999997,0.0003614080000009512,0.00038039700000136456,9.373915804,9.373915804,0.0,/home/tung/Parallel-Programming-Project/mpi-sinkhorn-step/results/bench_cpp_wifi3_25_26_190_report_suite/process_sweep_mpi_n8000_np1_iters50_rep2.json
process_sweep,mpi,8000,1,50,3,9.036840927,0.09999732950020368,8.003961391426671e-09,8.003961402810794e-09,50,3200000,vmubuntu,[8000],[9.034270702],[0.0004669110000001808],[9.036840927],9.034270702,0.0004669110000001808,0.002103313999999301,9.036840927,9.036840927,0.0,/home/tung/Parallel-Programming-Project/mpi-sinkhorn-step/results/bench_cpp_wifi3_25_26_190_report_suite/process_sweep_mpi_n8000_np1_iters50_rep3.json
process_sweep,mpi,8000,2,50,1,6.202304447,0.09999732950017601,8.003961411457306e-09,8.003961442736539e-09,50,3200000,vmubuntu;VMubuntu,"[4000, 4000]","[4.412682241999998, 4.322979166999997]","[1.7892291600000019, 1.874816676999999]","[6.202304447, 6.19823694]",4.412682241999998,1.874816676999999,0.000441096000004082,6.202304447,6.19823694,0.06558057629640648,/home/tung/Parallel-Programming-Project/mpi-sinkhorn-step/results/bench_cpp_wifi3_25_26_190_report_suite/process_sweep_mpi_n8000_np2_iters50_rep1.json
process_sweep,mpi,8000,2,50,2,4.931140772,0.09999732950017601,8.003961411457306e-09,8.003961442736539e-09,50,3200000,vmubuntu;VMubuntu,"[4000, 4000]","[4.406297744999999, 4.322039474000001]","[0.52428134, 0.6062580669999988]","[4.931140772, 4.929073223]",4.406297744999999,0.6062580669999988,0.0007756819999995557,4.931140772,4.929073223,0.041928411610967296,/home/tung/Parallel-Programming-Project/mpi-sinkhorn-step/results/bench_cpp_wifi3_25_26_190_report_suite/process_sweep_mpi_n8000_np2_iters50_rep2.json
process_sweep,mpi,8000,2,50,3,4.933025916,0.09999732950017601,8.003961411457306e-09,8.003961442736539e-09,50,3200000,vmubuntu;VMubuntu,"[4000, 4000]","[4.391920127999998, 4.3508457039999975]","[0.538880858000001, 0.5813555499999989]","[4.931197943, 4.933025916]",4.391920127999998,0.5813555499999989,0.0008246620000036398,4.933025916,4.931197943,0.03705581586488769,/home/tung/Parallel-Programming-Project/mpi-sinkhorn-step/results/bench_cpp_wifi3_25_26_190_report_suite/process_sweep_mpi_n8000_np2_iters50_rep3.json
process_sweep,mpi,8000,3,50,1,4.248865449,0.09999732950017405,8.003961392971659e-09,8.00396141105073e-09,50,3200000,vmubuntu;VMubuntu;quan,"[2667, 2667, 2666]","[2.9406059750000013, 2.9307011319999985, 2.832050681]","[1.3039747460000006, 1.317746264, 1.4095957409999997]","[4.2451159789999995, 4.248865449, 4.242573983]",2.9406059750000013,1.4095957409999997,0.0009275609999999102,4.248865449,4.242573983,0.1480740229484356,/home/tung/Parallel-Programming-Project/mpi-sinkhorn-step/results/bench_cpp_wifi3_25_26_190_report_suite/process_sweep_mpi_n8000_np3_iters50_rep1.json
process_sweep,mpi,8000,3,50,2,3.907689457,0.09999732950017405,8.003961392971659e-09,8.00396141105073e-09,50,3200000,vmubuntu;VMubuntu;quan,"[2667, 2667, 2666]","[2.907765524999999, 2.896794747999999, 2.242864708000001]","[0.9918405740000011, 1.008275663, 1.6640419779999993]","[3.900109302, 3.905546273, 3.907689457]",2.907765524999999,1.6640419779999993,0.0007827709999999044,3.907689457,3.900109302,0.1939804859984775,/home/tung/Parallel-Programming-Project/mpi-sinkhorn-step/results/bench_cpp_wifi3_25_26_190_report_suite/process_sweep_mpi_n8000_np3_iters50_rep2.json
process_sweep,mpi,8000,3,50,3,3.813158306,0.09999732950017405,8.003961392971659e-09,8.00396141105073e-09,50,3200000,vmubuntu;VMubuntu;quan,"[2667, 2667, 2666]","[2.915861706, 2.8971594509999994, 2.2521647669999996]","[0.8914521090000003, 0.9152143909999995, 1.551534593000002]","[3.807725998, 3.813158306, 3.8043603679999998]",2.915861706,1.551534593000002,0.000784464000001206,3.813158306,3.8043603679999998,0.23072574737211246,/home/tung/Parallel-Programming-Project/mpi-sinkhorn-step/results/bench_cpp_wifi3_25_26_190_report_suite/process_sweep_mpi_n8000_np3_iters50_rep3.json
process_sweep,mpi,8000,4,50,1,3.5041732010000004,0.09999732950016625,8.003961409668373e-09,8.003961414194917e-09,50,3200000,vmubuntu;VMubuntu;quan;vmubuntu,"[2000, 2000, 2000, 2000]","[2.000642355, 2.189264403000002, 1.967477514, 1.9002142559999973]","[1.4987808359999997, 1.2963407660000008, 1.5359723399999998, 1.589217545]","[3.500926538, 3.4861528170000002, 3.5041732010000004, 3.4898649730000004]",2.189264403000002,1.589217545,0.0015033470000000992,3.5041732010000004,3.4861528170000002,0.5142549459272623,/home/tung/Parallel-Programming-Project/mpi-sinkhorn-step/results/bench_cpp_wifi3_25_26_190_report_suite/process_sweep_mpi_n8000_np4_iters50_rep1.json
process_sweep,mpi,8000,4,50,2,3.46823501,0.09999732950016625,8.003961409668373e-09,8.003961414194917e-09,50,3200000,vmubuntu;VMubuntu;quan;vmubuntu,"[2000, 2000, 2000, 2000]","[2.2301710839999997, 2.189674615, 1.6979145860000004, 2.2491941049999995]","[1.2345962890000006, 1.271410686999998, 1.7697082050000015, 1.2018637360000004]","[3.46538714, 3.461824996, 3.46823501, 3.451455217]",2.2491941049999995,1.7697082050000015,0.0007396940000019558,3.46823501,3.451455217,0.48381360985108063,/home/tung/Parallel-Programming-Project/mpi-sinkhorn-step/results/bench_cpp_wifi3_25_26_190_report_suite/process_sweep_mpi_n8000_np4_iters50_rep2.json
process_sweep,mpi,8000,4,50,3,3.3409657659999996,0.09999732950016625,8.003961409668373e-09,8.003961414194917e-09,50,3200000,vmubuntu;VMubuntu;quan;vmubuntu,"[2000, 2000, 2000, 2000]","[2.2558268999999993, 2.1709024610000003, 1.6960176760000003, 2.2330376549999986]","[1.0845668130000001, 1.1569306200000007, 1.639379397000001, 1.089515563]","[3.3409657659999996, 3.328405352, 3.336059282, 3.322963157]",2.2558268999999993,1.639379397000001,0.0006622089999985814,3.3409657659999996,3.322963157,0.5388444617782964,/home/tung/Parallel-Programming-Project/mpi-sinkhorn-step/results/bench_cpp_wifi3_25_26_190_report_suite/process_sweep_mpi_n8000_np4_iters50_rep3.json
process_sweep,mpi,8000,6,50,1,3.621547825,0.09999732950016102,8.003961401347121e-09,8.003961408773906e-09,50,3200000,vmubuntu;VMubuntu;quan;vmubuntu;VMubuntu;quan,"[1334, 1334, 1333, 1333, 1333, 1333]","[1.2366275119999992, 1.6965740359999988, 1.4274729749999993, 1.3381653479999993, 1.624184806999999, 1.4603678399999998]","[2.371869909999999, 1.921750706, 2.1855616930000004, 2.282978926000001, 1.980934856999999, 2.1484139499999992]","[3.6088942520000002, 3.618762603, 3.614526845, 3.621547825, 3.605564063, 3.609483085]",1.6965740359999988,2.371869909999999,0.001492177000000261,3.621547825,3.605564063,0.4413516753710093,/home/tung/Parallel-Programming-Project/mpi-sinkhorn-step/results/bench_cpp_wifi3_25_26_190_report_suite/process_sweep_mpi_n8000_np6_iters50_rep1.json
process_sweep,mpi,8000,6,50,2,3.4269743910000003,0.09999732950016102,8.003961401347121e-09,8.003961408773906e-09,50,3200000,vmubuntu;VMubuntu;quan;vmubuntu;VMubuntu;quan,"[1334, 1334, 1333, 1333, 1333, 1333]","[1.5049812019999986, 1.279084976999999, 1.480404567999999, 1.4956317579999987, 1.3037038079999999, 1.5159908889999998]","[1.9077774910000007, 2.147496119999999, 1.937767245999999, 1.930732547, 2.108883752000002, 1.8941082710000017]","[3.413165748, 3.4269743910000003, 3.4192168990000003, 3.426742679, 3.412998466, 3.410807447]",1.5159908889999998,2.147496119999999,0.0010450850000021106,3.4269743910000003,3.410807447,0.4717556116689556,/home/tung/Parallel-Programming-Project/mpi-sinkhorn-step/results/bench_cpp_wifi3_25_26_190_report_suite/process_sweep_mpi_n8000_np6_iters50_rep2.json
process_sweep,mpi,8000,6,50,3,3.302749708,0.09999732950016102,8.003961401347121e-09,8.003961408773906e-09,50,3200000,vmubuntu;VMubuntu;quan;vmubuntu;VMubuntu;quan,"[1334, 1334, 1333, 1333, 1333, 1333]","[1.528779534, 1.6559863110000006, 1.4628320759999998, 1.4889090889999994, 1.6375477140000008, 1.4476557189999997]","[1.764855541, 1.6437751859999994, 1.830505999000002, 1.8134792579999994, 1.6542461109999995, 1.8397977719999998]","[3.2940389499999996, 3.3004871430000002, 3.294200849, 3.302749708, 3.292564987, 3.288075729]",1.6559863110000006,1.8397977719999998,0.0008627739999982342,3.302749708,3.288075729,0.444295823097228,/home/tung/Parallel-Programming-Project/mpi-sinkhorn-step/results/bench_cpp_wifi3_25_26_190_report_suite/process_sweep_mpi_n8000_np6_iters50_rep3.json
workload_calibration,mpi,8000,3,200,1,14.175814132,0.09999732950017512,8.00395178371491e-09,8.00395179905637e-09,200,12800000,vmubuntu;VMubuntu;quan,"[2667, 2667, 2666]","[10.760649102000006, 10.748184166999998, 8.282965623999992]","[3.407539264000001, 3.425927586999987, 5.883128673999995]","[14.170189498000001, 14.175814132, 14.168526362]",10.760649102000006,5.883128673999995,0.0024320640000130567,14.175814132,14.168526362,0.05140988681241537,/home/tung/Parallel-Programming-Project/mpi-sinkhorn-step/results/bench_cpp_wifi3_25_26_190_report_suite/workload_calibration_mpi_n8000_np3_iters200_rep1.json
workload_calibration,mpi,8000,3,500,1,39.863569321,0.09999732950017695,8.003932552272299e-09,8.003932584310473e-09,500,32000000,vmubuntu;VMubuntu;quan,"[2667, 2667, 2666]","[28.342511738999967, 26.92399217999996, 24.382532063999957]","[11.514389804999979, 12.935798827000028, 15.470326566999965]","[39.861871856, 39.863569321, 39.859288568]",28.342511738999967,15.470326566999965,0.006429937000074659,39.863569321,39.859288568,0.010738509052043703,/home/tung/Parallel-Programming-Project/mpi-sinkhorn-step/results/bench_cpp_wifi3_25_26_190_report_suite/workload_calibration_mpi_n8000_np3_iters500_rep1.json
workload_calibration,mpi,8000,3,1000,1,73.746396805,0.09999732950018021,8.003900500003474e-09,8.003900548792572e-09,1000,64000000,vmubuntu;VMubuntu;quan,"[2667, 2667, 2666]","[52.29575747399991, 42.65112608300003, 48.8320106489999]","[21.44012735399996, 31.087870545999998, 24.90211468800003]","[73.743880484, 73.744834963, 73.746396805]",52.29575747399991,31.087870545999998,0.012271468000076169,73.746396805,73.743880484,0.0034121273838711086,/home/tung/Parallel-Programming-Project/mpi-sinkhorn-step/results/bench_cpp_wifi3_25_26_190_report_suite/workload_calibration_mpi_n8000_np3_iters1000_rep1.json
workload_calibration,mpi,8000,3,2000,1,164.393671816,0.09999732950018678,8.003836456885877e-09,8.003836483855406e-09,2000,128000000,vmubuntu;VMubuntu;quan,"[2667, 2667, 2666]","[125.18205905399999, 103.9732235410004, 83.0846527270001]","[39.189157783000354, 60.405520945999804, 81.28272159100024]","[164.39038220999998, 164.393671816, 164.39279984499998]",125.18205905399999,81.28272159100024,0.025425526999640624,164.393671816,164.39038220999998,0.0020010539114253528,/home/tung/Parallel-Programming-Project/mpi-sinkhorn-step/results/bench_cpp_wifi3_25_26_190_report_suite/workload_calibration_mpi_n8000_np3_iters2000_rep1.json
