kind,size,rep,runtime_sec,objective,row_error,col_error,num_processes,hostnames,json,log
seq,2000,1,0.9680796580000001,0.10013719867162223,2.0041412633186456e-09,2.004141259957619e-09,1,vmubuntu,seq_2000_rep1.json,logs/seq_2000_rep1.log
seq,2000,2,0.5159316260000001,0.10013719867162223,2.0041412633186456e-09,2.004141259957619e-09,1,vmubuntu,seq_2000_rep2.json,logs/seq_2000_rep2.log
seq,2000,3,0.510090112,0.10013719867162223,2.0041412633186456e-09,2.004141259957619e-09,1,vmubuntu,seq_2000_rep3.json,logs/seq_2000_rep3.log
seq,2000,4,0.553761745,0.10013719867162223,2.0041412633186456e-09,2.004141259957619e-09,1,vmubuntu,seq_2000_rep4.json,logs/seq_2000_rep4.log
seq,3000,1,1.921597472,0.10008101795440717,3.0041238938734866e-09,3.0041239282969055e-09,1,vmubuntu,seq_3000_rep1.json,logs/seq_3000_rep1.log
seq,3000,2,1.122294417,0.10008101795440717,3.0041238938734866e-09,3.0041239282969055e-09,1,vmubuntu,seq_3000_rep2.json,logs/seq_3000_rep2.log
seq,3000,3,1.1288939550000001,0.10008101795440717,3.0041238938734866e-09,3.0041239282969055e-09,1,vmubuntu,seq_3000_rep3.json,logs/seq_3000_rep3.log
seq,3000,4,1.1628225319999999,0.10008101795440717,3.0041238938734866e-09,3.0041239282969055e-09,1,vmubuntu,seq_3000_rep4.json,logs/seq_3000_rep4.log
seq,4000,1,3.400646301,0.10001810744139047,4.003998679814012e-09,4.0039986399695825e-09,1,vmubuntu,seq_4000_rep1.json,logs/seq_4000_rep1.log
seq,4000,2,2.083510048,0.10001810744139047,4.003998679814012e-09,4.0039986399695825e-09,1,vmubuntu,seq_4000_rep2.json,logs/seq_4000_rep2.log
seq,4000,3,2.13745223,0.10001810744139047,4.003998679814012e-09,4.0039986399695825e-09,1,vmubuntu,seq_4000_rep3.json,logs/seq_4000_rep3.log
seq,4000,4,2.262951735,0.10001810744139047,4.003998679814012e-09,4.0039986399695825e-09,1,vmubuntu,seq_4000_rep4.json,logs/seq_4000_rep4.log
seq,5000,1,4.413804549,0.10002145491730256,5.004002774319262e-09,5.0040027965454065e-09,1,vmubuntu,seq_5000_rep1.json,logs/seq_5000_rep1.log
seq,5000,2,3.227300304,0.10002145491730256,5.004002774319262e-09,5.0040027965454065e-09,1,vmubuntu,seq_5000_rep2.json,logs/seq_5000_rep2.log
seq,5000,3,3.325595517,0.10002145491730256,5.004002774319262e-09,5.0040027965454065e-09,1,vmubuntu,seq_5000_rep3.json,logs/seq_5000_rep3.log
seq,5000,4,3.243012321,0.10002145491730256,5.004002774319262e-09,5.0040027965454065e-09,1,vmubuntu,seq_5000_rep4.json,logs/seq_5000_rep4.log
seq,6000,1,5.859907896999999,0.09999779825360905,6.004001594451993e-09,6.004001623047825e-09,1,vmubuntu,seq_6000_rep1.json,logs/seq_6000_rep1.log
seq,6000,2,4.534649477,0.09999779825360905,6.004001594451993e-09,6.004001623047825e-09,1,vmubuntu,seq_6000_rep2.json,logs/seq_6000_rep2.log
seq,6000,3,5.054608399,0.09999779825360905,6.004001594451993e-09,6.004001623047825e-09,1,vmubuntu,seq_6000_rep3.json,logs/seq_6000_rep3.log
seq,6000,4,6.15331715,0.09999779825360905,6.004001594451993e-09,6.004001623047825e-09,1,vmubuntu,seq_6000_rep4.json,logs/seq_6000_rep4.log
seq,7000,1,8.208947384,0.10000462254474766,7.0039613758526246e-09,7.00396134118526e-09,1,vmubuntu,seq_7000_rep1.json,logs/seq_7000_rep1.log
seq,7000,2,6.0705481,0.10000462254474766,7.0039613758526246e-09,7.00396134118526e-09,1,vmubuntu,seq_7000_rep2.json,logs/seq_7000_rep2.log
seq,7000,3,6.492076488,0.10000462254474766,7.0039613758526246e-09,7.00396134118526e-09,1,vmubuntu,seq_7000_rep3.json,logs/seq_7000_rep3.log
seq,7000,4,6.287054763,0.10000462254474766,7.0039613758526246e-09,7.00396134118526e-09,1,vmubuntu,seq_7000_rep4.json,logs/seq_7000_rep4.log
seq,8000,1,10.13035124,0.09999732950020368,8.003961391426671e-09,8.003961402810794e-09,1,vmubuntu,seq_8000_rep1.json,logs/seq_8000_rep1.log
seq,8000,2,8.816719646,0.09999732950020368,8.003961391426671e-09,8.003961402810794e-09,1,vmubuntu,seq_8000_rep2.json,logs/seq_8000_rep2.log
seq,8000,3,8.002353938,0.09999732950020368,8.003961391426671e-09,8.003961402810794e-09,1,vmubuntu,seq_8000_rep3.json,logs/seq_8000_rep3.log
seq,8000,4,8.576006725000001,0.09999732950020368,8.003961391426671e-09,8.003961402810794e-09,1,vmubuntu,seq_8000_rep4.json,logs/seq_8000_rep4.log
seq,9000,1,12.374905379,0.09999960189824096,9.00395704661063e-09,9.003957000193225e-09,1,vmubuntu,seq_9000_rep1.json,logs/seq_9000_rep1.log
seq,9000,2,10.605875355,0.09999960189824096,9.00395704661063e-09,9.003957000193225e-09,1,vmubuntu,seq_9000_rep2.json,logs/seq_9000_rep2.log
seq,9000,3,10.111020509,0.09999960189824096,9.00395704661063e-09,9.003957000193225e-09,1,vmubuntu,seq_9000_rep3.json,logs/seq_9000_rep3.log
seq,9000,4,11.808540239,0.09999960189824096,9.00395704661063e-09,9.003957000193225e-09,1,vmubuntu,seq_9000_rep4.json,logs/seq_9000_rep4.log
seq,10000,1,16.224094811999997,0.09999382893214502,1.0003939657094178e-08,1.0003939648176616e-08,1,vmubuntu,seq_10000_rep1.json,logs/seq_10000_rep1.log
seq,10000,2,12.419308291,0.09999382893214502,1.0003939657094178e-08,1.0003939648176616e-08,1,vmubuntu,seq_10000_rep2.json,logs/seq_10000_rep2.log
seq,10000,3,12.289189312,0.09999382893214502,1.0003939657094178e-08,1.0003939648176616e-08,1,vmubuntu,seq_10000_rep3.json,logs/seq_10000_rep3.log
seq,10000,4,12.712910476,0.09999382893214502,1.0003939657094178e-08,1.0003939648176616e-08,1,vmubuntu,seq_10000_rep4.json,logs/seq_10000_rep4.log
seq,11000,1,17.295378057,0.099998285728546,1.1003922502009341e-08,1.100392250640036e-08,1,vmubuntu,seq_11000_rep1.json,logs/seq_11000_rep1.log
seq,11000,2,14.893894707,0.099998285728546,1.1003922502009341e-08,1.100392250640036e-08,1,vmubuntu,seq_11000_rep2.json,logs/seq_11000_rep2.log
seq,11000,3,14.930178246999999,0.099998285728546,1.1003922502009341e-08,1.100392250640036e-08,1,vmubuntu,seq_11000_rep3.json,logs/seq_11000_rep3.log
seq,11000,4,15.195514081999999,0.099998285728546,1.1003922502009341e-08,1.100392250640036e-08,1,vmubuntu,seq_11000_rep4.json,logs/seq_11000_rep4.log
seq,12000,1,22.353779348,0.0999991823607845,1.2003910782558544e-08,1.2003910757743866e-08,1,vmubuntu,seq_12000_rep1.json,logs/seq_12000_rep1.log
seq,12000,2,19.594261049,0.0999991823607845,1.2003910782558544e-08,1.2003910757743866e-08,1,vmubuntu,seq_12000_rep2.json,logs/seq_12000_rep2.log
seq,12000,3,18.213265559,0.0999991823607845,1.2003910782558544e-08,1.2003910757743866e-08,1,vmubuntu,seq_12000_rep3.json,logs/seq_12000_rep3.log
seq,12000,4,18.528989553,0.0999991823607845,1.2003910782558544e-08,1.2003910757743866e-08,1,vmubuntu,seq_12000_rep4.json,logs/seq_12000_rep4.log
mpi,2000,1,0.551172758,0.100137198671619,2.0041412377314743e-09,2.0041412088916966e-09,3,vmubuntu;VMubuntu;VMubuntu,mpi_2000_np3_rep1.json,logs/mpi_2000_np3_rep1.log
mpi,2000,2,0.5607850430000001,0.100137198671619,2.0041412377314743e-09,2.0041412088916966e-09,3,vmubuntu;VMubuntu;VMubuntu,mpi_2000_np3_rep2.json,logs/mpi_2000_np3_rep2.log
mpi,2000,3,0.563523654,0.100137198671619,2.0041412377314743e-09,2.0041412088916966e-09,3,vmubuntu;VMubuntu;VMubuntu,mpi_2000_np3_rep3.json,logs/mpi_2000_np3_rep3.log
mpi,2000,4,0.553836892,0.100137198671619,2.0041412377314743e-09,2.0041412088916966e-09,3,vmubuntu;VMubuntu;VMubuntu,mpi_2000_np3_rep4.json,logs/mpi_2000_np3_rep4.log
mpi,3000,1,0.73933996,0.1000810179544053,3.0041238843325074e-09,3.004123933555286e-09,3,vmubuntu;VMubuntu;VMubuntu,mpi_3000_np3_rep1.json,logs/mpi_3000_np3_rep1.log
mpi,3000,2,0.808492994,0.1000810179544053,3.0041238843325074e-09,3.004123933555286e-09,3,vmubuntu;VMubuntu;VMubuntu,mpi_3000_np3_rep2.json,logs/mpi_3000_np3_rep2.log
mpi,3000,3,0.761873123,0.1000810179544053,3.0041238843325074e-09,3.004123933555286e-09,3,vmubuntu;VMubuntu;VMubuntu,mpi_3000_np3_rep3.json,logs/mpi_3000_np3_rep3.log
mpi,3000,4,0.729385545,0.1000810179544053,3.0041238843325074e-09,3.004123933555286e-09,3,vmubuntu;VMubuntu;VMubuntu,mpi_3000_np3_rep4.json,logs/mpi_3000_np3_rep4.log
mpi,4000,1,1.2496328449999998,0.10001810744138509,4.003998677537188e-09,4.003998671519866e-09,3,vmubuntu;VMubuntu;VMubuntu,mpi_4000_np3_rep1.json,logs/mpi_4000_np3_rep1.log
mpi,4000,2,1.111959306,0.10001810744138509,4.003998677537188e-09,4.003998671519866e-09,3,vmubuntu;VMubuntu;VMubuntu,mpi_4000_np3_rep2.json,logs/mpi_4000_np3_rep2.log
mpi,4000,3,1.1510184430000001,0.10001810744138509,4.003998677537188e-09,4.003998671519866e-09,3,vmubuntu;VMubuntu;VMubuntu,mpi_4000_np3_rep3.json,logs/mpi_4000_np3_rep3.log
mpi,4000,4,1.018025692,0.10001810744138509,4.003998677537188e-09,4.003998671519866e-09,3,vmubuntu;VMubuntu;VMubuntu,mpi_4000_np3_rep4.json,logs/mpi_4000_np3_rep4.log
mpi,5000,1,2.25645708,0.1000214549172947,5.004002762338828e-09,5.004002785513649e-09,3,vmubuntu;VMubuntu;VMubuntu,mpi_5000_np3_rep1.json,logs/mpi_5000_np3_rep1.log
mpi,5000,2,1.5226751889999999,0.1000214549172947,5.004002762338828e-09,5.004002785513649e-09,3,vmubuntu;VMubuntu;VMubuntu,mpi_5000_np3_rep2.json,logs/mpi_5000_np3_rep2.log
mpi,5000,3,1.5060982459999999,0.1000214549172947,5.004002762338828e-09,5.004002785513649e-09,3,vmubuntu;VMubuntu;VMubuntu,mpi_5000_np3_rep3.json,logs/mpi_5000_np3_rep3.log
mpi,5000,4,1.515227237,0.1000214549172947,5.004002762338828e-09,5.004002785513649e-09,3,vmubuntu;VMubuntu;VMubuntu,mpi_5000_np3_rep4.json,logs/mpi_5000_np3_rep4.log
mpi,6000,1,2.445295204,0.09999779825359978,6.0040015687835065e-09,6.004001578595536e-09,3,vmubuntu;VMubuntu;VMubuntu,mpi_6000_np3_rep1.json,logs/mpi_6000_np3_rep1.log
mpi,6000,2,2.530962919,0.09999779825359978,6.0040015687835065e-09,6.004001578595536e-09,3,vmubuntu;VMubuntu;VMubuntu,mpi_6000_np3_rep2.json,logs/mpi_6000_np3_rep2.log
mpi,6000,3,1.970392836,0.09999779825359978,6.0040015687835065e-09,6.004001578595536e-09,3,vmubuntu;VMubuntu;VMubuntu,mpi_6000_np3_rep3.json,logs/mpi_6000_np3_rep3.log
mpi,6000,4,1.9093405559999999,0.09999779825359978,6.0040015687835065e-09,6.004001578595536e-09,3,vmubuntu;VMubuntu;VMubuntu,mpi_6000_np3_rep4.json,logs/mpi_6000_np3_rep4.log
mpi,7000,1,3.108467727,0.10000462254472511,7.003961358640915e-09,7.003961360538269e-09,3,vmubuntu;VMubuntu;VMubuntu,mpi_7000_np3_rep1.json,logs/mpi_7000_np3_rep1.log
mpi,7000,2,2.637518869,0.10000462254472511,7.003961358640915e-09,7.003961360538269e-09,3,vmubuntu;VMubuntu;VMubuntu,mpi_7000_np3_rep2.json,logs/mpi_7000_np3_rep2.log
mpi,7000,3,2.456652503,0.10000462254472511,7.003961358640915e-09,7.003961360538269e-09,3,vmubuntu;VMubuntu;VMubuntu,mpi_7000_np3_rep3.json,logs/mpi_7000_np3_rep3.log
mpi,7000,4,2.573565543,0.10000462254472511,7.003961358640915e-09,7.003961360538269e-09,3,vmubuntu;VMubuntu;VMubuntu,mpi_7000_np3_rep4.json,logs/mpi_7000_np3_rep4.log
mpi,8000,1,4.310897742,0.09999732950017405,8.003961392971659e-09,8.00396141105073e-09,3,vmubuntu;VMubuntu;VMubuntu,mpi_8000_np3_rep1.json,logs/mpi_8000_np3_rep1.log
mpi,8000,2,3.912358253,0.09999732950017405,8.003961392971659e-09,8.00396141105073e-09,3,vmubuntu;VMubuntu;VMubuntu,mpi_8000_np3_rep2.json,logs/mpi_8000_np3_rep2.log
mpi,8000,3,3.181865485,0.09999732950017405,8.003961392971659e-09,8.00396141105073e-09,3,vmubuntu;VMubuntu;VMubuntu,mpi_8000_np3_rep3.json,logs/mpi_8000_np3_rep3.log
mpi,8000,4,3.303890684,0.09999732950017405,8.003961392971659e-09,8.00396141105073e-09,3,vmubuntu;VMubuntu;VMubuntu,mpi_8000_np3_rep4.json,logs/mpi_8000_np3_rep4.log
mpi,9000,1,4.894653223000001,0.09999960189822804,9.003957010452488e-09,9.003956967924658e-09,3,vmubuntu;VMubuntu;VMubuntu,mpi_9000_np3_rep1.json,logs/mpi_9000_np3_rep1.log
mpi,9000,2,4.128782867,0.09999960189822804,9.003957010452488e-09,9.003956967924658e-09,3,vmubuntu;VMubuntu;VMubuntu,mpi_9000_np3_rep2.json,logs/mpi_9000_np3_rep2.log
mpi,9000,3,4.074769629,0.09999960189822804,9.003957010452488e-09,9.003956967924658e-09,3,vmubuntu;VMubuntu;VMubuntu,mpi_9000_np3_rep3.json,logs/mpi_9000_np3_rep3.log
mpi,9000,4,3.951769305,0.09999960189822804,9.003957010452488e-09,9.003956967924658e-09,3,vmubuntu;VMubuntu;VMubuntu,mpi_9000_np3_rep4.json,logs/mpi_9000_np3_rep4.log
mpi,10000,1,5.312583272,0.09999382893214112,1.0003939636751835e-08,1.0003939617724087e-08,3,vmubuntu;VMubuntu;VMubuntu,mpi_10000_np3_rep1.json,logs/mpi_10000_np3_rep1.log
mpi,10000,2,4.836495255,0.09999382893214112,1.0003939636751835e-08,1.0003939617724087e-08,3,vmubuntu;VMubuntu;VMubuntu,mpi_10000_np3_rep2.json,logs/mpi_10000_np3_rep2.log
mpi,10000,3,5.239748157,0.09999382893214112,1.0003939636751835e-08,1.0003939617724087e-08,3,vmubuntu;VMubuntu;VMubuntu,mpi_10000_np3_rep3.json,logs/mpi_10000_np3_rep3.log
mpi,10000,4,4.589341145,0.09999382893214112,1.0003939636751835e-08,1.0003939617724087e-08,3,vmubuntu;VMubuntu;VMubuntu,mpi_10000_np3_rep4.json,logs/mpi_10000_np3_rep4.log
mpi,11000,1,6.695179339999999,0.09999828572853049,1.1003922541772456e-08,1.1003922575464039e-08,3,vmubuntu;VMubuntu;VMubuntu,mpi_11000_np3_rep1.json,logs/mpi_11000_np3_rep1.log
mpi,11000,2,5.472808935,0.09999828572853049,1.1003922541772456e-08,1.1003922575464039e-08,3,vmubuntu;VMubuntu;VMubuntu,mpi_11000_np3_rep2.json,logs/mpi_11000_np3_rep2.log
mpi,11000,3,5.99282715,0.09999828572853049,1.1003922541772456e-08,1.1003922575464039e-08,3,vmubuntu;VMubuntu;VMubuntu,mpi_11000_np3_rep3.json,logs/mpi_11000_np3_rep3.log
mpi,11000,4,5.605212993,0.09999828572853049,1.1003922541772456e-08,1.1003922575464039e-08,3,vmubuntu;VMubuntu;VMubuntu,mpi_11000_np3_rep4.json,logs/mpi_11000_np3_rep4.log
mpi,12000,1,7.551130035000001,0.09999918236084898,1.2003910753054692e-08,1.2003910722588611e-08,3,vmubuntu;VMubuntu;VMubuntu,mpi_12000_np3_rep1.json,logs/mpi_12000_np3_rep1.log
mpi,12000,2,6.4822562669999995,0.09999918236084898,1.2003910753054692e-08,1.2003910722588611e-08,3,vmubuntu;VMubuntu;VMubuntu,mpi_12000_np3_rep2.json,logs/mpi_12000_np3_rep2.log
mpi,12000,3,6.796393658,0.09999918236084898,1.2003910753054692e-08,1.2003910722588611e-08,3,vmubuntu;VMubuntu;VMubuntu,mpi_12000_np3_rep3.json,logs/mpi_12000_np3_rep3.log
mpi,12000,4,6.437724403000001,0.09999918236084898,1.2003910753054692e-08,1.2003910722588611e-08,3,vmubuntu;VMubuntu;VMubuntu,mpi_12000_np3_rep4.json,logs/mpi_12000_np3_rep4.log
