size,rep,variant,seq_key,seq_runtime_s,mpi_runtime_s,mpi_wall_s,speedup,efficiency,comm_mode,kernel_cutoff,sync_every,column_syncs,column_payload_bytes,payload_ratio_vs_double50,seq_iterations,mpi_iterations,mpi_row_error,mpi_col_error,objective_diff_vs_seq
2000,1,double_baseline,dense,0.610905928,0.865654748,2.2904289739999513,0.705715447655582,0.352857723827791,double,0,1,50,800000,1.0,50,50,2.0003256153257667e-09,2.0003256066521494e-09,8.382183835919932e-15
2000,1,float32_comm,dense,0.610905928,0.953432199,2.0903761539993866,0.6407439654762488,0.3203719827381244,float32,0,1,50,400000,0.5,50,50,1.2527644565165155e-09,3.664686418225222e-08,2.553072753208596e-10
2000,1,quantized_comm,dense,0.610905928,0.744464114,2.184413393999421,0.820598221608839,0.4102991108044195,quantized,0,1,50,400000,0.5,50,50,1.494159294879692e-09,6.517824226160134e-08,1.9006496376761106e-10
2000,1,lazy_sync5,dense,0.610905928,0.41204698900000003,1.926943594999102,1.4826122852702122,0.7413061426351061,lazy,0,5,10,160000,0.2,50,50,2.0003257598499163e-09,2.000325750634198e-09,8.104628079763643e-15
2000,1,sparse_cutoff025,sparse_cutoff025,1.784716714,1.325584486,2.473958722000134,1.3463621012836748,0.6731810506418374,double,0.25,1,50,800000,1.0,50,50,2.0006872899916775e-09,2.0006873230598438e-09,6.8833827526759706e-15
2000,2,double_baseline,dense,0.644483418,0.848830481,1.9076841040005093,0.7592604559166389,0.37963022795831947,double,0,1,50,800000,1.0,50,50,2.0003256153257667e-09,2.0003256066521494e-09,8.382183835919932e-15
2000,2,float32_comm,dense,0.644483418,0.563512538,1.8401628940000592,1.143689580159794,0.571844790079897,float32,0,1,50,400000,0.5,50,50,1.2527644565165155e-09,3.664686418225222e-08,2.553072753208596e-10
2000,2,quantized_comm,dense,0.644483418,1.019791724,2.4199811280004724,0.6319755326823969,0.31598776634119846,quantized,0,1,50,400000,0.5,50,50,1.494159294879692e-09,6.517824226160134e-08,1.9006496376761106e-10
2000,2,lazy_sync5,dense,0.644483418,0.408486998,1.9161403810003321,1.577733002899642,0.788866501449821,lazy,0,5,10,160000,0.2,50,50,2.0003257598499163e-09,2.000325750634198e-09,8.104628079763643e-15
2000,2,sparse_cutoff025,sparse_cutoff025,1.726963808,1.361685472,2.490261976000511,1.2682545591556404,0.6341272795778202,double,0.25,1,50,800000,1.0,50,50,2.0006872899916775e-09,2.0006873230598438e-09,6.8833827526759706e-15
2000,3,double_baseline,dense,0.614718597,0.828107463,1.942335240999455,0.7423174219117018,0.3711587109558509,double,0,1,50,800000,1.0,50,50,2.0003256153257667e-09,2.0003256066521494e-09,8.382183835919932e-15
2000,3,float32_comm,dense,0.614718597,0.68238218,1.8082271419998506,0.9008421014159543,0.45042105070797717,float32,0,1,50,400000,0.5,50,50,1.2527644565165155e-09,3.664686418225222e-08,2.553072753208596e-10
2000,3,quantized_comm,dense,0.614718597,0.799819142,2.0371876609997344,0.7685719992432989,0.38428599962164944,quantized,0,1,50,400000,0.5,50,50,1.494159294879692e-09,6.517824226160134e-08,1.9006496376761106e-10
2000,3,lazy_sync5,dense,0.614718597,0.416803383,1.5972935740001049,1.4748407092463545,0.7374203546231772,lazy,0,5,10,160000,0.2,50,50,2.0003257598499163e-09,2.000325750634198e-09,8.104628079763643e-15
2000,3,sparse_cutoff025,sparse_cutoff025,1.6835004699999998,1.172464432,2.4601266210001995,1.4358648535958316,0.7179324267979158,double,0.25,1,50,800000,1.0,50,50,2.0006872899916775e-09,2.0006873230598438e-09,6.8833827526759706e-15
3000,1,double_baseline,dense,1.191435816,1.262142193,3.2733818769993377,0.9439790719364691,0.47198953596823456,double,0,1,50,1200000,1.0,50,50,3.0003172603711506e-09,3.0003173028718758e-09,3.1807889655510735e-14
3000,1,float32_comm,dense,1.191435816,0.982466304,2.1329466560000583,1.2126989100279617,0.6063494550139809,float32,0,1,50,600000,0.5,50,50,2.880452880230956e-09,2.927360267639947e-08,4.175815249141124e-11
3000,1,quantized_comm,dense,1.191435816,1.033219419,2.2528628549998757,1.1531295232073064,0.5765647616036532,quantized,0,1,50,600000,0.5,50,50,1.8768623807896567e-15,9.861624436079564e-08,1.025247997610279e-09
3000,1,lazy_sync5,dense,1.191435816,0.819274718,1.9723357889997715,1.4542567832539903,0.7271283916269952,lazy,0,5,10,240000,0.2,50,50,3.000317611869495e-09,3.000317647919217e-09,3.175237850427948e-14
3000,1,sparse_cutoff025,sparse_cutoff025,3.593425068,2.741449341,3.90526907200001,1.3107756595236681,0.6553878297618341,double,0.25,1,50,1200000,1.0,50,50,3.000678411258992e-09,3.0006784166257926e-09,4.207745263329343e-14
3000,2,double_baseline,dense,1.1404948510000001,1.5377342489999999,2.90401089199986,0.7416722699267917,0.37083613496339585,double,0,1,50,1200000,1.0,50,50,3.0003172603711506e-09,3.0003173028718758e-09,3.1807889655510735e-14
3000,2,float32_comm,dense,1.1404948510000001,1.080768677,2.579420897000091,1.0552626804153764,0.5276313402076882,float32,0,1,50,600000,0.5,50,50,2.880452880230956e-09,2.927360267639947e-08,4.175815249141124e-11
3000,2,quantized_comm,dense,1.1404948510000001,1.041064215,2.3060419390003517,1.0955086483305934,0.5477543241652967,quantized,0,1,50,600000,0.5,50,50,1.8768623807896567e-15,9.861624436079564e-08,1.025247997610279e-09
3000,2,lazy_sync5,dense,1.1404948510000001,0.753610353,1.9106440649993601,1.5133747120907721,0.7566873560453861,lazy,0,5,10,240000,0.2,50,50,3.000317611869495e-09,3.000317647919217e-09,3.175237850427948e-14
3000,2,sparse_cutoff025,sparse_cutoff025,3.904558088,2.4999716149999998,3.614195189000384,1.5618409683423546,0.7809204841711773,double,0.25,1,50,1200000,1.0,50,50,3.000678411258992e-09,3.0006784166257926e-09,4.207745263329343e-14
3000,3,double_baseline,dense,1.1607958680000001,1.589900329,2.9457377429998814,0.7301060618876066,0.3650530309438033,double,0,1,50,1200000,1.0,50,50,3.0003172603711506e-09,3.0003173028718758e-09,3.1807889655510735e-14
3000,3,float32_comm,dense,1.1607958680000001,1.031303532,2.237567929000761,1.125561807927562,0.562780903963781,float32,0,1,50,600000,0.5,50,50,2.880452880230956e-09,2.927360267639947e-08,4.175815249141124e-11
3000,3,quantized_comm,dense,1.1607958680000001,0.9274917279999999,2.147395062999749,1.2515430951638635,0.6257715475819318,quantized,0,1,50,600000,0.5,50,50,1.8768623807896567e-15,9.861624436079564e-08,1.025247997610279e-09
3000,3,lazy_sync5,dense,1.1607958680000001,0.78057941,2.065118081000037,1.4870951669094117,0.7435475834547058,lazy,0,5,10,240000,0.2,50,50,3.000317611869495e-09,3.000317647919217e-09,3.175237850427948e-14
3000,3,sparse_cutoff025,sparse_cutoff025,3.622285914,2.7092249600000002,4.033472522000011,1.3370192462718191,0.6685096231359096,double,0.25,1,50,1200000,1.0,50,50,3.000678411258992e-09,3.0006784166257926e-09,4.207745263329343e-14
4000,1,double_baseline,dense,2.278593887,2.14166496,3.4382762049999656,1.0639357367083224,0.5319678683541612,double,0,1,50,1600000,1.0,50,50,4.00030467610649e-09,4.000304667866553e-09,4.04121180963557e-14
4000,1,float32_comm,dense,2.278593887,1.443349817,2.528458937000323,1.5786844326734686,0.7893422163367343,float32,0,1,50,800000,0.5,50,50,4.2661925501075344e-09,3.8941890123948743e-08,8.782075067159667e-11
4000,1,quantized_comm,dense,2.278593887,1.4991451089999999,2.5830187599995043,1.5199288403241558,0.7599644201620779,quantized,0,1,50,800000,0.5,50,50,3.3941476965159215e-09,1.334749901578088e-07,2.1905832703339456e-10
4000,1,lazy_sync5,dense,2.278593887,1.24742587,2.67365842900017,1.8266367098832093,0.9133183549416046,lazy,0,5,10,320000,0.2,50,50,4.000305332536695e-09,4.000305324025708e-09,4.0245584642661925e-14
4000,1,sparse_cutoff025,sparse_cutoff025,6.7588919359999995,4.295184171,5.641204771000048,1.5735977008004298,0.7867988504002149,double,0.25,1,50,1600000,1.0,50,50,4.000650567336644e-09,4.0006505414784226e-09,1.0547118733938987e-14
4000,2,double_baseline,dense,2.129687673,1.9588212919999999,3.6780745209998713,1.0872291830285046,0.5436145915142523,double,0,1,50,1600000,1.0,50,50,4.00030467610649e-09,4.000304667866553e-09,4.04121180963557e-14
4000,2,float32_comm,dense,2.129687673,1.632121839,2.923263777000102,1.304858266160361,0.6524291330801805,float32,0,1,50,800000,0.5,50,50,4.2661925501075344e-09,3.8941890123948743e-08,8.782075067159667e-11
4000,2,quantized_comm,dense,2.129687673,1.552978934,2.687640731999636,1.3713564468737345,0.6856782234368672,quantized,0,1,50,800000,0.5,50,50,3.3941476965159215e-09,1.334749901578088e-07,2.1905832703339456e-10
4000,2,lazy_sync5,dense,2.129687673,1.576405867,2.773021252000035,1.3509767488070379,0.6754883744035189,lazy,0,5,10,320000,0.2,50,50,4.000305332536695e-09,4.000305324025708e-09,4.0245584642661925e-14
4000,2,sparse_cutoff025,sparse_cutoff025,6.503027353999999,4.3223582039999995,5.854578731000402,1.5045091237422117,0.7522545618711058,double,0.25,1,50,1600000,1.0,50,50,4.000650567336644e-09,4.0006505414784226e-09,1.0547118733938987e-14
4000,3,double_baseline,dense,2.219437239,2.116373741,7.618263229000149,1.0486981557195574,0.5243490778597787,double,0,1,50,1600000,1.0,50,50,4.00030467610649e-09,4.000304667866553e-09,4.04121180963557e-14
4000,3,float32_comm,dense,2.219437239,1.439982296,2.5093998189995546,1.541294809780078,0.770647404890039,float32,0,1,50,800000,0.5,50,50,4.2661925501075344e-09,3.8941890123948743e-08,8.782075067159667e-11
4000,3,quantized_comm,dense,2.219437239,1.552367373,2.801586550999673,1.4297113412728237,0.7148556706364119,quantized,0,1,50,800000,0.5,50,50,3.3941476965159215e-09,1.334749901578088e-07,2.1905832703339456e-10
4000,3,lazy_sync5,dense,2.219437239,1.2637850529999999,2.4530770450001,1.7561825357337884,0.8780912678668942,lazy,0,5,10,320000,0.2,50,50,4.000305332536695e-09,4.000305324025708e-09,4.0245584642661925e-14
4000,3,sparse_cutoff025,sparse_cutoff025,6.44524522,4.3430043309999995,5.525641396999163,1.4840522202555457,0.7420261101277729,double,0.25,1,50,1600000,1.0,50,50,4.000650567336644e-09,4.0006505414784226e-09,1.0547118733938987e-14
5000,1,double_baseline,dense,3.382683449,2.887529874,4.778600464000192,1.1714799834483027,0.5857399917241514,double,0,1,50,2000000,1.0,50,50,5.000306883205493e-09,5.000306898411428e-09,2.3592239273284576e-14
5000,1,float32_comm,dense,3.382683449,2.4868761200000002,3.7057567840001866,1.360213893163283,0.6801069465816415,float32,0,1,50,1000000,0.5,50,50,4.320987996391228e-09,2.452554837963452e-08,2.3141605298704349e-10
5000,1,quantized_comm,dense,3.382683449,2.3280048,3.5424007760002496,1.4530397226844205,0.7265198613422102,quantized,0,1,50,1000000,0.5,50,50,3.801697366824118e-09,1.6712494377074325e-07,4.084014793015456e-10
5000,1,lazy_sync5,dense,3.382683449,1.7799597169999999,2.9925924420003867,1.9004269684829054,0.9502134842414527,lazy,0,5,10,400000,0.2,50,50,5.0003079012442275e-09,5.000307899130033e-09,2.3814283878209608e-14
5000,1,sparse_cutoff025,sparse_cutoff025,9.892214203999998,6.0024072120000005,7.232183818000522,1.6480411699198787,0.8240205849599394,double,0.25,1,50,2000000,1.0,50,50,5.000655403409075e-09,5.00065547068382e-09,2.1094237467877974e-14
5000,2,double_baseline,dense,3.5795650070000002,2.7686459979999998,4.316968652000469,1.2928937139619106,0.6464468569809553,double,0,1,50,2000000,1.0,50,50,5.000306883205493e-09,5.000306898411428e-09,2.3592239273284576e-14
5000,2,float32_comm,dense,3.5795650070000002,2.522899523,3.6618134459995417,1.418829792612395,0.7094148963061975,float32,0,1,50,1000000,0.5,50,50,4.320987996391228e-09,2.452554837963452e-08,2.3141605298704349e-10
5000,2,quantized_comm,dense,3.5795650070000002,2.5351693,3.934461523999744,1.4119629040159172,0.7059814520079586,quantized,0,1,50,1000000,0.5,50,50,3.801697366824118e-09,1.6712494377074325e-07,4.084014793015456e-10
5000,2,lazy_sync5,dense,3.5795650070000002,1.892582631,3.176474366999173,1.891365242588449,0.9456826212942245,lazy,0,5,10,400000,0.2,50,50,5.0003079012442275e-09,5.000307899130033e-09,2.3814283878209608e-14
5000,2,sparse_cutoff025,sparse_cutoff025,10.011899241,6.0173113990000004,7.262763557000653,1.6638492803719362,0.8319246401859681,double,0.25,1,50,2000000,1.0,50,50,5.000655403409075e-09,5.00065547068382e-09,2.1094237467877974e-14
5000,3,double_baseline,dense,3.456193072,2.715013421,4.339451929999996,1.2729929971127019,0.6364964985563509,double,0,1,50,2000000,1.0,50,50,5.000306883205493e-09,5.000306898411428e-09,2.3592239273284576e-14
5000,3,float32_comm,dense,3.456193072,2.57179116,3.736547937999603,1.3438855867285895,0.6719427933642947,float32,0,1,50,1000000,0.5,50,50,4.320987996391228e-09,2.452554837963452e-08,2.3141605298704349e-10
5000,3,quantized_comm,dense,3.456193072,2.1483226799999997,3.3286233359995094,1.6087867545111987,0.8043933772555993,quantized,0,1,50,1000000,0.5,50,50,3.801697366824118e-09,1.6712494377074325e-07,4.084014793015456e-10
5000,3,lazy_sync5,dense,3.456193072,1.863320296,3.098911408999811,1.8548572027146535,0.9274286013573267,lazy,0,5,10,400000,0.2,50,50,5.0003079012442275e-09,5.000307899130033e-09,2.3814283878209608e-14
5000,3,sparse_cutoff025,sparse_cutoff025,10.138962201,5.994626608,7.327112953000324,1.691341740529638,0.845670870264819,double,0.25,1,50,2000000,1.0,50,50,5.000655403409075e-09,5.00065547068382e-09,2.1094237467877974e-14
6000,1,double_baseline,dense,5.016459538,3.721508137,5.085873082999569,1.3479641460743637,0.6739820730371818,double,0,1,50,2400000,1.0,50,50,6.000310251024236e-09,6.000310264874919e-09,1.233457780358549e-13
6000,1,float32_comm,dense,5.016459538,3.211786214,4.482902032000311,1.5618908618928398,0.7809454309464199,float32,0,1,50,1200000,0.5,50,50,6.174812291798344e-09,2.9464707829802896e-08,6.455053158660462e-11
6000,1,quantized_comm,dense,5.016459538,3.1348104180000003,4.312278567999783,1.6002433541740257,0.8001216770870129,quantized,0,1,50,1200000,0.5,50,50,1.9987203006490047e-09,1.9763997152248366e-07,1.3588817848741996e-09
6000,1,lazy_sync5,dense,5.016459538,2.580199446,3.8742172849997587,1.9442138652408658,0.9721069326204329,lazy,0,5,10,480000,0.2,50,50,6.000311691630768e-09,6.000311708408796e-09,1.2279066652354231e-13
6000,1,sparse_cutoff025,sparse_cutoff025,14.663660501,8.448537726,9.682281069000055,1.7356447916274595,0.8678223958137298,double,0.25,1,50,2400000,1.0,50,50,6.000660246122244e-09,6.000660252166671e-09,7.549516567451064e-15
6000,2,double_baseline,dense,4.748098757999999,3.625763565,5.197330920999775,1.3095445063859257,0.6547722531929628,double,0,1,50,2400000,1.0,50,50,6.000310251024236e-09,6.000310264874919e-09,1.233457780358549e-13
6000,2,float32_comm,dense,4.748098757999999,3.213031214,4.415752698000688,1.4777630348909518,0.7388815174454759,float32,0,1,50,1200000,0.5,50,50,6.174812291798344e-09,2.9464707829802896e-08,6.455053158660462e-11
6000,2,quantized_comm,dense,4.748098757999999,3.2884934820000002,4.574625785000535,1.443852263654874,0.721926131827437,quantized,0,1,50,1200000,0.5,50,50,1.9987203006490047e-09,1.9763997152248366e-07,1.3588817848741996e-09
6000,2,lazy_sync5,dense,4.748098757999999,2.683419997,3.9128139370004646,1.769420651000686,0.884710325500343,lazy,0,5,10,480000,0.2,50,50,6.000311691630768e-09,6.000311708408796e-09,1.2279066652354231e-13
6000,2,sparse_cutoff025,sparse_cutoff025,14.509139749,8.330273632,10.271363759999986,1.741736273015623,0.8708681365078115,double,0.25,1,50,2400000,1.0,50,50,6.000660246122244e-09,6.000660252166671e-09,7.549516567451064e-15
6000,3,double_baseline,dense,4.7595890810000006,3.574658684,6.451148196000759,1.331480709558004,0.665740354779002,double,0,1,50,2400000,1.0,50,50,6.000310251024236e-09,6.000310264874919e-09,1.233457780358549e-13
6000,3,float32_comm,dense,4.7595890810000006,3.19877219,4.581415804999779,1.4879424973992914,0.7439712486996457,float32,0,1,50,1200000,0.5,50,50,6.174812291798344e-09,2.9464707829802896e-08,6.455053158660462e-11
6000,3,quantized_comm,dense,4.7595890810000006,3.157204582,4.543341886000235,1.5075326787930021,0.7537663393965011,quantized,0,1,50,1200000,0.5,50,50,1.9987203006490047e-09,1.9763997152248366e-07,1.3588817848741996e-09
6000,3,lazy_sync5,dense,4.7595890810000006,2.52632733,4.2682466139995086,1.883995404902658,0.941997702451329,lazy,0,5,10,480000,0.2,50,50,6.000311691630768e-09,6.000311708408796e-09,1.2279066652354231e-13
6000,3,sparse_cutoff025,sparse_cutoff025,14.651140538,8.362639592,9.522339187000398,1.7519756025377207,0.8759878012688603,double,0.25,1,50,2400000,1.0,50,50,6.000660246122244e-09,6.000660252166671e-09,7.549516567451064e-15
7000,1,double_baseline,dense,6.339543292,4.485062289,5.881157153999993,1.4134794309430827,0.7067397154715414,double,0,1,50,2800000,1.0,50,50,7.000309857149332e-09,7.000309802641068e-09,4.551914400963142e-15
7000,1,float32_comm,dense,6.339543292,3.862137722,5.344833677000679,1.6414596651714122,0.8207298325857061,float32,0,1,50,1400000,0.5,50,50,6.3741691169272394e-09,3.4349760343402314e-08,2.138563770515134e-10
7000,1,quantized_comm,dense,6.339543292,3.95773058,5.214351637999243,1.6018127469404448,0.8009063734702224,quantized,0,1,50,1400000,0.5,50,50,7.205674669246397e-09,2.343706086846897e-07,7.298550652734548e-11
7000,1,lazy_sync5,dense,6.339543292,3.349079837,4.834655546999784,1.8929209217295826,0.9464604608647913,lazy,0,5,10,560000,0.2,50,50,7.000311797627275e-09,7.000311739974825e-09,5.051514762044462e-15
7000,1,sparse_cutoff025,sparse_cutoff025,19.365644303,10.82549737,12.339829495999766,1.7888918763831354,0.8944459381915677,double,0.25,1,50,2800000,1.0,50,50,7.00065926078795e-09,7.000659280764375e-09,1.021405182655144e-14
7000,2,double_baseline,dense,5.9562567689999995,4.7135235269999995,5.965695099999721,1.2636527079755466,0.6318263539877733,double,0,1,50,2800000,1.0,50,50,7.000309857149332e-09,7.000309802641068e-09,4.551914400963142e-15
7000,2,float32_comm,dense,5.9562567689999995,3.996393903,5.332589372000257,1.4904078310520832,0.7452039155260416,float32,0,1,50,1400000,0.5,50,50,6.3741691169272394e-09,3.4349760343402314e-08,2.138563770515134e-10
7000,2,quantized_comm,dense,5.9562567689999995,3.9722901470000003,5.209810256999845,1.4994515880211705,0.7497257940105853,quantized,0,1,50,1400000,0.5,50,50,7.205674669246397e-09,2.343706086846897e-07,7.298550652734548e-11
7000,2,lazy_sync5,dense,5.9562567689999995,3.318269971,4.604252346000067,1.794988599798892,0.897494299899446,lazy,0,5,10,560000,0.2,50,50,7.000311797627275e-09,7.000311739974825e-09,5.051514762044462e-15
7000,2,sparse_cutoff025,sparse_cutoff025,19.137382347000003,10.938783187,12.195106903999658,1.7494982778105959,0.8747491389052979,double,0.25,1,50,2800000,1.0,50,50,7.00065926078795e-09,7.000659280764375e-09,1.021405182655144e-14
7000,3,double_baseline,dense,6.1764326490000006,4.377147257,5.900346102000185,1.4110634818425531,0.7055317409212766,double,0,1,50,2800000,1.0,50,50,7.000309857149332e-09,7.000309802641068e-09,4.551914400963142e-15
7000,3,float32_comm,dense,6.1764326490000006,4.047949603999999,5.5090553199997885,1.5258175751241396,0.7629087875620698,float32,0,1,50,1400000,0.5,50,50,6.3741691169272394e-09,3.4349760343402314e-08,2.138563770515134e-10
7000,3,quantized_comm,dense,6.1764326490000006,3.950918684,5.388639714999954,1.5632902479144015,0.7816451239572008,quantized,0,1,50,1400000,0.5,50,50,7.205674669246397e-09,2.343706086846897e-07,7.298550652734548e-11
7000,3,lazy_sync5,dense,6.1764326490000006,3.200469771,4.776105587000529,1.9298518939206069,0.9649259469603034,lazy,0,5,10,560000,0.2,50,50,7.000311797627275e-09,7.000311739974825e-09,5.051514762044462e-15
7000,3,sparse_cutoff025,sparse_cutoff025,18.574984087,10.718676235,12.095524624000063,1.732955047783473,0.8664775238917365,double,0.25,1,50,2800000,1.0,50,50,7.00065926078795e-09,7.000659280764375e-09,1.021405182655144e-14
8000,1,double_baseline,dense,7.771568439,5.905968415999999,7.6739280749998215,1.3158838469142264,0.6579419234571132,double,0,1,50,3200000,1.0,50,50,8.000316357336572e-09,8.00031631624531e-09,1.0513812043200232e-13
8000,1,float32_comm,dense,7.771568439,4.932037854,6.267391694999787,1.575731709499568,0.787865854749784,float32,0,1,50,1600000,0.5,50,50,7.113567363278969e-09,3.9328249671439705e-08,3.055103392490821e-10
8000,1,quantized_comm,dense,7.771568439,4.909908002,6.367528927000421,1.5828338200704235,0.7914169100352118,quantized,0,1,50,1600000,0.5,50,50,9.392514115427741e-09,2.671886822042764e-07,5.01552743781275e-10
8000,1,lazy_sync5,dense,7.771568439,4.179469632,6.286661049999566,1.8594628321969824,0.9297314160984912,lazy,0,5,10,640000,0.2,50,50,8.000318873444554e-09,8.000318843086893e-09,1.0591527654923993e-13
8000,1,sparse_cutoff025,sparse_cutoff025,24.345133128,13.934349490999999,15.279396361000181,1.7471309402512245,0.8735654701256123,double,0.25,1,50,3200000,1.0,50,50,8.000675099615077e-09,8.000675066194545e-09,3.813616089587413e-14
8000,2,double_baseline,dense,7.756535649,5.736427885,7.403224955999576,1.3521543030781078,0.6760771515390539,double,0,1,50,3200000,1.0,50,50,8.000316357336572e-09,8.00031631624531e-09,1.0513812043200232e-13
8000,2,float32_comm,dense,7.756535649,5.014920365,6.344329176999963,1.5466916888918534,0.7733458444459267,float32,0,1,50,1600000,0.5,50,50,7.113567363278969e-09,3.9328249671439705e-08,3.055103392490821e-10
8000,2,quantized_comm,dense,7.756535649,4.854363137,6.503961646000789,1.5978482511700896,0.7989241255850448,quantized,0,1,50,1600000,0.5,50,50,9.392514115427741e-09,2.671886822042764e-07,5.01552743781275e-10
8000,2,lazy_sync5,dense,7.756535649,4.212928141,5.454981590000898,1.8411269761555613,0.9205634880777807,lazy,0,5,10,640000,0.2,50,50,8.000318873444554e-09,8.000318843086893e-09,1.0591527654923993e-13
8000,2,sparse_cutoff025,sparse_cutoff025,24.962538186,14.306220524,15.670157097999436,1.7448730182876075,0.8724365091438038,double,0.25,1,50,3200000,1.0,50,50,8.000675099615077e-09,8.000675066194545e-09,3.813616089587413e-14
8000,3,double_baseline,dense,7.759004654,5.727874787,7.6847572329998,1.3546044462441562,0.6773022231220781,double,0,1,50,3200000,1.0,50,50,8.000316357336572e-09,8.00031631624531e-09,1.0513812043200232e-13
8000,3,float32_comm,dense,7.759004654,4.895528273,6.72469141900001,1.5849167283524337,0.7924583641762168,float32,0,1,50,1600000,0.5,50,50,7.113567363278969e-09,3.9328249671439705e-08,3.055103392490821e-10
8000,3,quantized_comm,dense,7.759004654,4.932953554,6.37550366800042,1.5728922985111893,0.7864461492555946,quantized,0,1,50,1600000,0.5,50,50,9.392514115427741e-09,2.671886822042764e-07,5.01552743781275e-10
8000,3,lazy_sync5,dense,7.759004654,4.2029363,5.491368942000008,1.8460914227988656,0.9230457113994328,lazy,0,5,10,640000,0.2,50,50,8.000318873444554e-09,8.000318843086893e-09,1.0591527654923993e-13
8000,3,sparse_cutoff025,sparse_cutoff025,25.035470974,13.595657983,15.195344727999327,1.8414313603140304,0.9207156801570152,double,0.25,1,50,3200000,1.0,50,50,8.000675099615077e-09,8.000675066194545e-09,3.813616089587413e-14
9000,1,double_baseline,dense,9.675548276999999,6.852861067999999,8.598166450999997,1.4118990857965545,0.7059495428982773,double,0,1,50,3600000,1.0,50,50,9.000313692762848e-09,9.00031373701185e-09,1.0902390101819037e-13
9000,1,float32_comm,dense,9.675548276999999,6.018595509,7.847547166999902,1.607608994911108,0.803804497455554,float32,0,1,50,1800000,0.5,50,50,9.072261028994478e-09,2.2957294848054382e-08,2.4410251597828392e-11
9000,1,quantized_comm,dense,9.675548276999999,5.914692257,7.279765912000585,1.635849822203184,0.817924911101592,quantized,0,1,50,1800000,0.5,50,50,9.305786915082392e-09,3.024655514175103e-07,1.0137335415549842e-10
9000,1,lazy_sync5,dense,9.675548276999999,5.246364876,6.688427697999941,1.8442385357643962,0.9221192678821981,lazy,0,5,10,720000,0.2,50,50,9.000316928198314e-09,9.000316978003851e-09,1.0791367799356522e-13
9000,1,sparse_cutoff025,sparse_cutoff025,31.265289727,17.171517033,18.513550749000387,1.8207645641858414,0.9103822820929207,double,0.25,1,50,3600000,1.0,50,50,9.000670765830793e-09,9.000670763160946e-09,5.390132784555135e-14
9000,2,double_baseline,dense,9.763814422000001,6.90535459,8.632317577000322,1.4139483055858542,0.7069741527929271,double,0,1,50,3600000,1.0,50,50,9.000313692762848e-09,9.00031373701185e-09,1.0902390101819037e-13
9000,2,float32_comm,dense,9.763814422000001,5.875907554,7.564983023000423,1.6616691689360095,0.8308345844680047,float32,0,1,50,1800000,0.5,50,50,9.072261028994478e-09,2.2957294848054382e-08,2.4410251597828392e-11
9000,2,quantized_comm,dense,9.763814422000001,6.862367439,8.21920711400071,1.4228055417887688,0.7114027708943844,quantized,0,1,50,1800000,0.5,50,50,9.305786915082392e-09,3.024655514175103e-07,1.0137335415549842e-10
9000,2,lazy_sync5,dense,9.763814422000001,5.255329476,6.588780578999831,1.857888162215008,0.928944081107504,lazy,0,5,10,720000,0.2,50,50,9.000316928198314e-09,9.000316978003851e-09,1.0791367799356522e-13
9000,2,sparse_cutoff025,sparse_cutoff025,31.414507869,17.112225375999998,18.401407552999444,1.835793251826793,0.9178966259133965,double,0.25,1,50,3600000,1.0,50,50,9.000670765830793e-09,9.000670763160946e-09,5.390132784555135e-14
9000,3,double_baseline,dense,9.692656371,7.151109029,9.49247293299959,1.3554060400552173,0.6777030200276086,double,0,1,50,3600000,1.0,50,50,9.000313692762848e-09,9.00031373701185e-09,1.0902390101819037e-13
9000,3,float32_comm,dense,9.692656371,5.923421385,7.313760275000277,1.6363273420906557,0.8181636710453278,float32,0,1,50,1800000,0.5,50,50,9.072261028994478e-09,2.2957294848054382e-08,2.4410251597828392e-11
9000,3,quantized_comm,dense,9.692656371,5.969210726999999,7.345269400999314,1.6237752048454364,0.8118876024227182,quantized,0,1,50,1800000,0.5,50,50,9.305786915082392e-09,3.024655514175103e-07,1.0137335415549842e-10
9000,3,lazy_sync5,dense,9.692656371,5.170848316,6.5625129600002765,1.8744808933977635,0.9372404466988817,lazy,0,5,10,720000,0.2,50,50,9.000316928198314e-09,9.000316978003851e-09,1.0791367799356522e-13
9000,3,sparse_cutoff025,sparse_cutoff025,31.278413464,16.966127366000002,18.296637346000352,1.843580022078681,0.9217900110393406,double,0.25,1,50,3600000,1.0,50,50,9.000670765830793e-09,9.000670763160946e-09,5.390132784555135e-14
10000,1,double_baseline,dense,11.979159374,8.231356914000001,11.23200957699919,1.4553079764559458,0.7276539882279729,double,0,1,50,4000000,1.0,50,50,1.0000311727960311e-08,1.000031173637643e-08,8.354428260304303e-14
10000,1,float32_comm,dense,11.979159374,7.339983465,8.769863479999913,1.6320417383937524,0.8160208691968762,float32,0,1,50,2000000,0.5,50,50,9.451711519622031e-09,2.521664193205547e-08,1.905015589720449e-10
10000,1,quantized_comm,dense,11.979159374,7.036065729000001,8.564029718999336,1.7025365929466005,0.8512682964733003,quantized,0,1,50,2000000,0.5,50,50,2.602090839795416e-09,3.360849593031474e-07,2.53199483601918e-09
10000,1,lazy_sync5,dense,11.979159374,6.418642968,7.861420935998467,1.8663071670634788,0.9331535835317394,lazy,0,5,10,800000,0.2,50,50,1.0000315705003615e-08,1.0000315714964723e-08,8.498757253505573e-14
10000,1,sparse_cutoff025,sparse_cutoff025,38.39835037,20.872593387000002,22.433621451000363,1.8396540218100306,0.9198270109050153,double,0.25,1,50,4000000,1.0,50,50,1.0000668288336154e-08,1.0000668299530542e-08,1.0064171718227044e-13
10000,2,double_baseline,dense,11.897224171,8.101961933,9.784131043999878,1.4684374314993465,0.7342187157496732,double,0,1,50,4000000,1.0,50,50,1.0000311727960311e-08,1.000031173637643e-08,8.354428260304303e-14
10000,2,float32_comm,dense,11.897224171,7.264177243,8.718450812999436,1.6377937614978428,0.8188968807489214,float32,0,1,50,2000000,0.5,50,50,9.451711519622031e-09,2.521664193205547e-08,1.905015589720449e-10
10000,2,quantized_comm,dense,11.897224171,7.197988881,9.077181890001157,1.6528539245738798,0.8264269622869399,quantized,0,1,50,2000000,0.5,50,50,2.602090839795416e-09,3.360849593031474e-07,2.53199483601918e-09
10000,2,lazy_sync5,dense,11.897224171,6.605247964,7.964959845001431,1.8011775236663923,0.9005887618331961,lazy,0,5,10,800000,0.2,50,50,1.0000315705003615e-08,1.0000315714964723e-08,8.498757253505573e-14
10000,2,sparse_cutoff025,sparse_cutoff025,38.6171088,20.778314999,22.406546062000416,1.8585293755465027,0.9292646877732513,double,0.25,1,50,4000000,1.0,50,50,1.0000668288336154e-08,1.0000668299530542e-08,1.0064171718227044e-13
10000,3,double_baseline,dense,12.094411311,8.353301985,10.099406719000399,1.4478599400234662,0.7239299700117331,double,0,1,50,4000000,1.0,50,50,1.0000311727960311e-08,1.000031173637643e-08,8.354428260304303e-14
10000,3,float32_comm,dense,12.094411311,6.922257361,8.533686554999804,1.7471773556325596,0.8735886778162798,float32,0,1,50,2000000,0.5,50,50,9.451711519622031e-09,2.521664193205547e-08,1.905015589720449e-10
10000,3,quantized_comm,dense,12.094411311,7.292794846,8.840492061999612,1.6584055312667438,0.8292027656333719,quantized,0,1,50,2000000,0.5,50,50,2.602090839795416e-09,3.360849593031474e-07,2.53199483601918e-09
10000,3,lazy_sync5,dense,12.094411311,6.29749172,7.791423355000006,1.9205124593637417,0.9602562296818709,lazy,0,5,10,800000,0.2,50,50,1.0000315705003615e-08,1.0000315714964723e-08,8.498757253505573e-14
10000,3,sparse_cutoff025,sparse_cutoff025,38.873849338,21.336086143,22.83584338900073,1.8219765835897619,0.9109882917948809,double,0.25,1,50,4000000,1.0,50,50,1.0000668288336154e-08,1.0000668299530542e-08,1.0064171718227044e-13
11000,1,double_baseline,dense,14.504884059,9.79906347,11.652297685999656,1.4802316673840261,0.7401158336920131,double,0,1,50,4400000,1.0,50,50,1.1000308553486306e-08,1.1000308586202106e-08,2.1066481892262345e-13
11000,1,float32_comm,dense,14.504884059,8.669178953,10.157985025000016,1.673155455394139,0.8365777276970695,float32,0,1,50,2200000,0.5,50,50,1.1465555036210134e-08,2.8497040243985385e-08,1.5878776071787115e-10
11000,1,quantized_comm,dense,14.504884059,8.56774619,9.988798736001627,1.692963789698817,0.8464818948494085,quantized,0,1,50,2200000,0.5,50,50,3.6992607533112157e-09,3.6640903070386864e-07,2.5071930642717177e-09
11000,1,lazy_sync5,dense,14.504884059,7.607285974,9.120571051000297,1.9067094504629438,0.9533547252314719,lazy,0,5,10,880000,0.2,50,50,1.1000313413449649e-08,1.1000313444051255e-08,2.1238566461079245e-13
11000,1,sparse_cutoff025,sparse_cutoff025,46.629019114,25.138094018,26.89975404500001,1.854914659823117,0.9274573299115585,double,0.25,1,50,4400000,1.0,50,50,1.1000661142714194e-08,1.1000661153176745e-08,6.639133687258436e-14
11000,2,double_baseline,dense,14.535361076,9.494661915,12.112115140998867,1.530898225352977,0.7654491126764885,double,0,1,50,4400000,1.0,50,50,1.1000308553486306e-08,1.1000308586202106e-08,2.1066481892262345e-13
11000,2,float32_comm,dense,14.535361076,8.674068238,10.162916557001154,1.6757259312674546,0.8378629656337273,float32,0,1,50,2200000,0.5,50,50,1.1465555036210134e-08,2.8497040243985385e-08,1.5878776071787115e-10
11000,2,quantized_comm,dense,14.535361076,8.583459563,10.41092186700007,1.6934152213702227,0.8467076106851114,quantized,0,1,50,2200000,0.5,50,50,3.6992607533112157e-09,3.6640903070386864e-07,2.5071930642717177e-09
11000,2,lazy_sync5,dense,14.535361076,7.571469640999999,9.876047943998856,1.919754257124677,0.9598771285623385,lazy,0,5,10,880000,0.2,50,50,1.1000313413449649e-08,1.1000313444051255e-08,2.1238566461079245e-13
11000,2,sparse_cutoff025,sparse_cutoff025,46.566242496,25.331066074,27.01031124199835,1.8383056741459434,0.9191528370729717,double,0.25,1,50,4400000,1.0,50,50,1.1000661142714194e-08,1.1000661153176745e-08,6.639133687258436e-14
11000,3,double_baseline,dense,14.508303441999999,9.666729498999999,11.71185450199846,1.500849221393942,0.750424610696971,double,0,1,50,4400000,1.0,50,50,1.1000308553486306e-08,1.1000308586202106e-08,2.1066481892262345e-13
11000,3,float32_comm,dense,14.508303441999999,8.502821862,10.093707226000333,1.7062927669741177,0.8531463834870588,float32,0,1,50,2200000,0.5,50,50,1.1465555036210134e-08,2.8497040243985385e-08,1.5878776071787115e-10
11000,3,quantized_comm,dense,14.508303441999999,8.409891803,9.870446902999902,1.7251474551461596,0.8625737275730798,quantized,0,1,50,2200000,0.5,50,50,3.6992607533112157e-09,3.6640903070386864e-07,2.5071930642717177e-09
11000,3,lazy_sync5,dense,14.508303441999999,7.655376882,9.187042588999248,1.8951782081576163,0.9475891040788081,lazy,0,5,10,880000,0.2,50,50,1.1000313413449649e-08,1.1000313444051255e-08,2.1238566461079245e-13
11000,3,sparse_cutoff025,sparse_cutoff025,45.873998752,25.171584591,26.82123713400142,1.8224517644551494,0.9112258822275747,double,0.25,1,50,4400000,1.0,50,50,1.1000661142714194e-08,1.1000661153176745e-08,6.639133687258436e-14
12000,1,double_baseline,dense,17.348398300000003,11.201696871000001,13.102885948999756,1.5487294915927565,0.7743647457963783,double,0,1,50,4800000,1.0,50,50,1.2000304193559197e-08,1.2000304168243076e-08,8.865130851631875e-14
12000,1,float32_comm,dense,17.348398300000003,9.816095805,12.1472168220007,1.7673419906072325,0.8836709953036163,float32,0,1,50,2400000,0.5,50,50,1.2162248736363778e-08,3.077513447095751e-08,5.531936020375383e-11
12000,1,quantized_comm,dense,17.348398300000003,9.887908069,11.787744920999103,1.754506431384582,0.877253215692291,quantized,0,1,50,2400000,0.5,50,50,8.103664792154242e-09,4.020819390306886e-07,1.3508749674429055e-09
12000,1,lazy_sync5,dense,17.348398300000003,9.317531795999999,10.972594898999887,1.8619092137091113,0.9309546068545557,lazy,0,5,10,960000,0.2,50,50,1.2000309954914674e-08,1.200030993531772e-08,9.070522111187529e-14
12000,1,sparse_cutoff025,sparse_cutoff025,55.419372384,29.656626743,31.332202053999936,1.8687011460964928,0.9343505730482464,double,0.25,1,50,4800000,1.0,50,50,1.2000653285286402e-08,1.2000653243463303e-08,7.654987754790454e-14
12000,2,double_baseline,dense,17.162022591,11.186394108,13.211231552000754,1.53418719431014,0.76709359715507,double,0,1,50,4800000,1.0,50,50,1.2000304193559197e-08,1.2000304168243076e-08,8.865130851631875e-14
12000,2,float32_comm,dense,17.162022591,10.027250847,11.634559224999975,1.7115381726123482,0.8557690863061741,float32,0,1,50,2400000,0.5,50,50,1.2162248736363778e-08,3.077513447095751e-08,5.531936020375383e-11
12000,2,quantized_comm,dense,17.162022591,10.158676649,11.743849909000346,1.689395497462693,0.8446977487313465,quantized,0,1,50,2400000,0.5,50,50,8.103664792154242e-09,4.020819390306886e-07,1.3508749674429055e-09
12000,2,lazy_sync5,dense,17.162022591,9.039775722,10.652424652998889,1.8985009273220108,0.9492504636610054,lazy,0,5,10,960000,0.2,50,50,1.2000309954914674e-08,1.200030993531772e-08,9.070522111187529e-14
12000,2,sparse_cutoff025,sparse_cutoff025,55.285891189999994,29.568921450999998,31.116135766000298,1.8697297188068478,0.9348648594034239,double,0.25,1,50,4800000,1.0,50,50,1.2000653285286402e-08,1.2000653243463303e-08,7.654987754790454e-14
12000,3,double_baseline,dense,17.36830649,11.198560849000001,13.139027856001121,1.5509409400182825,0.7754704700091413,double,0,1,50,4800000,1.0,50,50,1.2000304193559197e-08,1.2000304168243076e-08,8.865130851631875e-14
12000,3,float32_comm,dense,17.36830649,9.84239288,11.451264710998657,1.7646426739673085,0.8823213369836542,float32,0,1,50,2400000,0.5,50,50,1.2162248736363778e-08,3.077513447095751e-08,5.531936020375383e-11
12000,3,quantized_comm,dense,17.36830649,9.945774418,11.699529375999191,1.7463000627247889,0.8731500313623944,quantized,0,1,50,2400000,0.5,50,50,8.103664792154242e-09,4.020819390306886e-07,1.3508749674429055e-09
12000,3,lazy_sync5,dense,17.36830649,9.06937188,10.619454285999382,1.915050647366331,0.9575253236831655,lazy,0,5,10,960000,0.2,50,50,1.2000309954914674e-08,1.200030993531772e-08,9.070522111187529e-14
12000,3,sparse_cutoff025,sparse_cutoff025,54.558200412999994,29.560113409,31.060362346999682,1.8456695229183042,0.9228347614591521,double,0.25,1,50,4800000,1.0,50,50,1.2000653285286402e-08,1.2000653243463303e-08,7.654987754790454e-14
