size,rep,seq_key,runtime_s,wall_s,row_error,col_error,objective,iterations,kernel_cutoff
2000,1,dense,0.610905928,0.6472936420004771,2.0003256296372354e-09,2.0003256356003474e-09,0.3436686396735499,50,0.0
2000,1,sparse_cutoff025,1.784716714,1.8216559250004138,2.0006872990989757e-09,2.0006873078810133e-09,0.26911115978943245,50,0.25
2000,2,dense,0.644483418,0.6848738670005332,2.0003256296372354e-09,2.0003256356003474e-09,0.3436686396735499,50,0.0
2000,2,sparse_cutoff025,1.726963808,1.765948322999975,2.0006872990989757e-09,2.0006873078810133e-09,0.26911115978943245,50,0.25
2000,3,dense,0.614718597,0.6510474809992957,2.0003256296372354e-09,2.0003256356003474e-09,0.3436686396735499,50,0.0
2000,3,sparse_cutoff025,1.6835004699999998,1.7223767989999033,2.0006872990989757e-09,2.0006873078810133e-09,0.26911115978943245,50,0.25
3000,1,dense,1.191435816,1.2752533760003644,3.0003172656837412e-09,3.0003172853620107e-09,0.3436234683118657,50,0.0
3000,1,sparse_cutoff025,3.593425068,3.6563585820003937,3.0006784556028607e-09,3.0006784436766368e-09,0.26908507294603434,50,0.25
3000,2,dense,1.1404948510000001,1.1967494529999385,3.0003172656837412e-09,3.0003172853620107e-09,0.3436234683118657,50,0.0
3000,2,sparse_cutoff025,3.904558088,3.9662901550000242,3.0006784556028607e-09,3.0006784436766368e-09,0.26908507294603434,50,0.25
3000,3,dense,1.1607958680000001,1.2283218659995327,3.0003172656837412e-09,3.0003172853620107e-09,0.3436234683118657,50,0.0
3000,3,sparse_cutoff025,3.622285914,3.682313682000313,3.0006784556028607e-09,3.0006784436766368e-09,0.26908507294603434,50,0.25
4000,1,dense,2.278593887,2.387778525999238,4.000304659789247e-09,4.00030464103255e-09,0.34361143165366137,50,0.0
4000,1,sparse_cutoff025,6.7588919359999995,6.863314295000237,4.000650567119804e-09,4.0006505009834714e-09,0.2690263119156049,50,0.25
4000,2,dense,2.129687673,2.2386747739992643,4.000304659789247e-09,4.00030464103255e-09,0.34361143165366137,50,0.0
4000,2,sparse_cutoff025,6.503027353999999,6.611200360000112,4.000650567119804e-09,4.0006505009834714e-09,0.2690263119156049,50,0.25
4000,3,dense,2.219437239,2.340607295999689,4.000304659789247e-09,4.00030464103255e-09,0.34361143165366137,50,0.0
4000,3,sparse_cutoff025,6.44524522,6.5526851619997615,4.000650567119804e-09,4.0006505009834714e-09,0.2690263119156049,50,0.25
5000,1,dense,3.382683449,3.6021336129997508,5.00030690678689e-09,5.0003069200412614e-09,0.34361233046041423,50,0.0
5000,1,sparse_cutoff025,9.892214203999998,10.059154120999665,5.000655439702743e-09,5.000655461955992e-09,0.2690393007585832,50,0.25
5000,2,dense,3.5795650070000002,3.7486066319997917,5.00030690678689e-09,5.0003069200412614e-09,0.34361233046041423,50,0.0
5000,2,sparse_cutoff025,10.011899241,10.159970544000316,5.000655439702743e-09,5.000655461955992e-09,0.2690393007585832,50,0.25
5000,3,dense,3.456193072,3.6579311830000734,5.00030690678689e-09,5.0003069200412614e-09,0.34361233046041423,50,0.0
5000,3,sparse_cutoff025,10.138962201,10.289542024000184,5.000655439702743e-09,5.000655461955992e-09,0.2690393007585832,50,0.25
6000,1,dense,5.016459538,5.288315869999678,6.000310234029367e-09,6.000310333450706e-09,0.3435627744747746,50,0.0
6000,1,sparse_cutoff025,14.663660501,14.903436339999644,6.0006602030794175e-09,6.0006602235166285e-09,0.269013553767246,50,0.25
6000,2,dense,4.748098757999999,4.99114923200068,6.000310234029367e-09,6.000310333450706e-09,0.3435627744747746,50,0.0
6000,2,sparse_cutoff025,14.509139749,14.76796750199992,6.0006602030794175e-09,6.0006602235166285e-09,0.269013553767246,50,0.25
6000,3,dense,4.7595890810000006,5.005109927000376,6.000310234029367e-09,6.000310333450706e-09,0.3435627744747746,50,0.0
6000,3,sparse_cutoff025,14.651140538,14.880627931999697,6.0006602030794175e-09,6.0006602235166285e-09,0.269013553767246,50,0.25
7000,1,dense,6.339543292,6.63391755000066,7.000309892494323e-09,7.000309878941796e-09,0.34353278354478645,50,0.0
7000,1,sparse_cutoff025,19.365644303,19.801490959000148,7.000659269136306e-09,7.000659284396452e-09,0.2690039813978297,50,0.25
7000,2,dense,5.9562567689999995,6.214296293999723,7.000309892494323e-09,7.000309878941796e-09,0.34353278354478645,50,0.0
7000,2,sparse_cutoff025,19.137382347000003,19.435204143000192,7.000659269136306e-09,7.000659284396452e-09,0.2690039813978297,50,0.25
7000,3,dense,6.1764326490000006,6.45004057999995,7.000309892494323e-09,7.000309878941796e-09,0.34353278354478645,50,0.0
7000,3,sparse_cutoff025,18.574984087,18.8522033750005,7.000659269136306e-09,7.000659284396452e-09,0.2690039813978297,50,0.25
8000,1,dense,7.771568439,8.145097869999518,8.00031638880554e-09,8.000316338281719e-09,0.34351932468129437,50,0.0
8000,1,sparse_cutoff025,24.345133128,24.7103098030002,8.000675130135368e-09,8.000675095088533e-09,0.26898169901548724,50,0.25
8000,2,dense,7.756535649,8.119686443999854,8.00031638880554e-09,8.000316338281719e-09,0.34351932468129437,50,0.0
8000,2,sparse_cutoff025,24.962538186,25.335292767000283,8.000675130135368e-09,8.000675095088533e-09,0.26898169901548724,50,0.25
8000,3,dense,7.759004654,8.517198429000018,8.00031638880554e-09,8.000316338281719e-09,0.34351932468129437,50,0.0
8000,3,sparse_cutoff025,25.035470974,25.423944881999887,8.000675130135368e-09,8.000675095088533e-09,0.26898169901548724,50,0.25
9000,1,dense,9.675548276999999,10.128652946999864,9.000313697343602e-09,9.00031372248354e-09,0.343512244564562,50,0.0
9000,1,sparse_cutoff025,31.265289727,31.711568401000477,9.000670764326463e-09,9.000670784235125e-09,0.2689725502325938,50,0.25
9000,2,dense,9.763814422000001,10.223379678000128,9.000313697343602e-09,9.00031372248354e-09,0.343512244564562,50,0.0
9000,2,sparse_cutoff025,31.414507869,31.87519249199977,9.000670764326463e-09,9.000670784235125e-09,0.2689725502325938,50,0.25
9000,3,dense,9.692656371,10.15065981600037,9.000313697343602e-09,9.00031372248354e-09,0.343512244564562,50,0.0
9000,3,sparse_cutoff025,31.278413464,31.742183823999767,9.000670764326463e-09,9.000670784235125e-09,0.2689725502325938,50,0.25
10000,1,dense,11.979159374,12.53506043500056,1.0000311734451972e-08,1.0000311770393274e-08,0.34351699482865433,50,0.0
10000,1,sparse_cutoff025,38.39835037,38.95198587399955,1.0000668300940005e-08,1.0000668304179059e-08,0.2689716074585524,50,0.25
10000,2,dense,11.897224171,12.438117143999989,1.0000311734451972e-08,1.0000311770393274e-08,0.34351699482865433,50,0.0
10000,2,sparse_cutoff025,38.6171088,39.147936715999094,1.0000668300940005e-08,1.0000668304179059e-08,0.2689716074585524,50,0.25
10000,3,dense,12.094411311,12.655784692000452,1.0000311734451972e-08,1.0000311770393274e-08,0.34351699482865433,50,0.0
10000,3,sparse_cutoff025,38.873849338,39.43673073699938,1.0000668300940005e-08,1.0000668304179059e-08,0.2689716074585524,50,0.25
11000,1,dense,14.504884059,15.158296100998996,1.1000308565480292e-08,1.100030855420459e-08,0.3435187893002314,50,0.0
11000,1,sparse_cutoff025,46.629019114,47.27003190000141,1.1000661146576664e-08,1.1000661109903526e-08,0.2689779356024854,50,0.25
11000,2,dense,14.535361076,15.202698965998934,1.1000308565480292e-08,1.100030855420459e-08,0.3435187893002314,50,0.0
11000,2,sparse_cutoff025,46.566242496,47.243208134999804,1.1000661146576664e-08,1.1000661109903526e-08,0.2689779356024854,50,0.25
11000,3,dense,14.508303441999999,15.175377085999571,1.1000308565480292e-08,1.100030855420459e-08,0.3435187893002314,50,0.0
11000,3,sparse_cutoff025,45.873998752,46.562026360001255,1.1000661146576664e-08,1.1000661109903526e-08,0.2689779356024854,50,0.25
12000,1,dense,17.348398300000003,18.219071339000948,1.200030415860723e-08,1.2000304135052937e-08,0.3435034419808978,50,0.0
12000,1,sparse_cutoff025,55.419372384,56.2027883869996,1.2000653240590168e-08,1.2000653217144296e-08,0.2689703161227147,50,0.25
12000,2,dense,17.162022591,17.92144013500001,1.200030415860723e-08,1.2000304135052937e-08,0.3435034419808978,50,0.0
12000,2,sparse_cutoff025,55.285891189999994,56.06364412900075,1.2000653240590168e-08,1.2000653217144296e-08,0.2689703161227147,50,0.25
12000,3,dense,17.36830649,18.138287212999785,1.200030415860723e-08,1.2000304135052937e-08,0.3435034419808978,50,0.0
12000,3,sparse_cutoff025,54.558200412999994,55.365125150001404,1.2000653240590168e-08,1.2000653217144296e-08,0.2689703161227147,50,0.25
