size,variant,seq_avg_s,mpi_np2_avg_s,speedup,efficiency,mpi_min_s,mpi_max_s,mpi_stdev_s,avg_column_syncs,avg_payload_bytes,payload_ratio_vs_double50,max_objective_diff_vs_seq,avg_mpi_row_error,avg_mpi_col_error,iterations
2000,double_baseline,0.6233693143333333,0.8475308973333333,0.735512199371963,0.3677560996859815,0.828107463,0.865654748,0.01880734805861276,50,800000,1.0,8.382183835919932e-15,2.0003256153257667e-09,2.0003256066521494e-09,50
2000,float32_comm,0.6233693143333333,0.7331089723333333,0.850309214398616,0.425154607199308,0.563512538,0.953432199,0.1998480450339972,50,400000,0.5,2.553072753208596e-10,1.2527644565165155e-09,3.664686418225222e-08,50
2000,quantized_comm,0.6233693143333333,0.8546916600000001,0.7293499439708272,0.3646749719854136,0.744464114,1.019791724,0.14563505117526918,50,400000,0.5,1.9006496376761106e-10,1.494159294879692e-09,6.517824226160134e-08,50
2000,lazy_sync5,0.6233693143333333,0.41244579000000003,1.5113969628186368,0.7556984814093184,0.408486998,0.416803383,0.004172510820268432,10,160000,0.2,8.104628079763643e-15,2.0003257598499163e-09,2.000325750634198e-09,50
2000,sparse_cutoff025,1.7317269973333334,1.2865781299999999,1.345994430461315,0.6729972152306575,1.172464432,1.361685472,0.10046030236351797,50,800000,1.0,6.8833827526759706e-15,2.0006872899916775e-09,2.0006873230598438e-09,50
3000,double_baseline,1.1642421783333334,1.4632589236666667,0.795650147422952,0.397825073711476,1.262142193,1.589900329,0.1761143931970865,50,1200000,1.0,3.1807889655510735e-14,3.0003172603711506e-09,3.0003173028718758e-09,50
3000,float32_comm,1.1642421783333334,1.0315128376666667,1.1286744438071241,0.5643372219035621,0.982466304,1.080768677,0.04915152073948838,50,600000,0.5,4.175815249141124e-11,2.880452880230956e-09,2.927360267639947e-08,50
3000,quantized_comm,1.1642421783333334,1.0005917873333332,1.163553602049986,0.581776801024993,0.9274917279999999,1.041064215,0.06342790562499324,50,600000,0.5,1.025247997610279e-09,1.8768623807896567e-15,9.861624436079564e-08,50
3000,lazy_sync5,1.1642421783333334,0.7844881603333334,1.4840787117024692,0.7420393558512346,0.753610353,0.819274718,0.03300622599737139,10,240000,0.2,3.175237850427948e-14,3.000317611869495e-09,3.000317647919217e-09,50
3000,sparse_cutoff025,3.706756356666667,2.6502153053333335,1.398662346114723,0.6993311730573615,2.4999716149999998,2.741449341,0.13110864787054385,50,1200000,1.0,4.207745263329343e-14,3.000678411258992e-09,3.0006784166257926e-09,50
4000,double_baseline,2.2092395996666667,2.0722866643333333,1.066087833160569,0.5330439165802845,1.9588212919999999,2.14166496,0.09907423720969528,50,1600000,1.0,4.04121180963557e-14,4.00030467610649e-09,4.000304667866553e-09,50
4000,float32_comm,2.2092395996666667,1.5051513173333333,1.4677857131206995,0.7338928565603497,1.439982296,1.632121839,0.10997258785102072,50,800000,0.5,8.782075067159667e-11,4.2661925501075344e-09,3.8941890123948743e-08,50
4000,quantized_comm,2.2092395996666667,1.534830472,1.439403008977181,0.7197015044885905,1.4991451089999999,1.552978934,0.030905943620046814,50,800000,0.5,2.1905832703339456e-10,3.3941476965159215e-09,1.334749901578088e-07,50
4000,lazy_sync5,2.2092395996666667,1.36253893,1.6214139288237928,0.8107069644118964,1.24742587,1.576405867,0.18539472962689196,10,320000,0.2,4.0245584642661925e-14,4.000305332536695e-09,4.000305324025708e-09,50
4000,sparse_cutoff025,6.569054836666666,4.320182235333333,1.5205504024669496,0.7602752012334748,4.295184171,4.3430043309999995,0.023984225135182665,50,1600000,1.0,1.0547118733938987e-14,4.000650567336644e-09,4.0006505414784226e-09,50
5000,double_baseline,3.4728138426666666,2.790396431,1.2445593049379393,0.6222796524689697,2.715013421,2.887529874,0.08829095446698339,50,2000000,1.0,2.3592239273284576e-14,5.000306883205493e-09,5.000306898411428e-09,50
5000,float32_comm,3.4728138426666666,2.5271889343333336,1.3741805353317544,0.6870902676658772,2.4868761200000002,2.57179116,0.042619717171049946,50,1000000,0.5,2.3141605298704349e-10,4.320987996391228e-09,2.452554837963452e-08,50
5000,quantized_comm,3.4728138426666666,2.3371655933333333,1.485908338105234,0.742954169052617,2.1483226799999997,2.5351693,0.19358594203151278,50,1000000,0.5,4.084014793015456e-10,3.801697366824118e-09,1.6712494377074325e-07,50
5000,lazy_sync5,3.4728138426666666,1.845287548,1.8819906124824004,0.9409953062412002,1.7799597169999999,1.892582631,0.05843684787688744,10,400000,0.2,2.3814283878209608e-14,5.0003079012442275e-09,5.000307899130033e-09,50
5000,sparse_cutoff025,10.014358548666666,6.004781739666667,1.6677306491447224,0.8338653245723612,5.994626608,6.0173113990000004,0.01152730332333845,50,2000000,1.0,2.1094237467877974e-14,5.000655403409075e-09,5.00065547068382e-09,50
6000,double_baseline,4.841382459,3.640643462,1.329815047678514,0.664907523839257,3.574658684,3.721508137,0.07454695810459161,50,2400000,1.0,1.233457780358549e-13,6.000310251024236e-09,6.000310264874919e-09,50
6000,float32_comm,4.841382459,3.207863206,1.5092234762207626,0.7546117381103813,3.19877219,3.213031214,0.00789762212214476,50,1200000,0.5,6.455053158660462e-11,6.174812291798344e-09,2.9464707829802896e-08,50
6000,quantized_comm,4.841382459,3.1935028273333335,1.5160100744431448,0.7580050372215724,3.1348104180000003,3.2884934820000002,0.08302284625822086,50,1200000,0.5,1.3588817848741996e-09,1.9987203006490047e-09,1.9763997152248366e-07,50
6000,lazy_sync5,4.841382459,2.5966489243333335,1.864473249976595,0.9322366249882975,2.52632733,2.683419997,0.07982772393957087,10,480000,0.2,1.2279066652354231e-13,6.000311691630768e-09,6.000311708408796e-09,50
6000,sparse_cutoff025,14.607980262666667,8.38048365,1.743095133019759,0.8715475665098795,8.330273632,8.448537726,0.06111797433522035,50,2400000,1.0,7.549516567451064e-15,6.000660246122244e-09,6.000660252166671e-09,50
7000,double_baseline,6.157410903333333,4.525244357666667,1.360680311749674,0.680340155874837,4.377147257,4.7135235269999995,0.17175039370123055,50,2800000,1.0,4.551914400963142e-15,7.000309857149332e-09,7.000309802641068e-09,50
7000,float32_comm,6.157410903333333,3.968827076333333,1.5514434831516921,0.7757217415758461,3.862137722,4.047949603999999,0.09592424783363157,50,1400000,0.5,2.138563770515134e-10,6.3741691169272394e-09,3.4349760343402314e-08,50
7000,quantized_comm,6.157410903333333,3.960313137,1.5547787991324518,0.7773893995662259,3.950918684,3.9722901470000003,0.01091728254575206,50,1400000,0.5,7.298550652734548e-11,7.205674669246397e-09,2.343706086846897e-07,50
7000,lazy_sync5,6.157410903333333,3.289273193,1.8719670097446153,0.9359835048723076,3.200469771,3.349079837,0.07843371583647601,10,560000,0.2,5.051514762044462e-15,7.000311797627275e-09,7.000311739974825e-09,50
7000,sparse_cutoff025,19.026003579,10.827652264000001,1.7571679543365135,0.8785839771682568,10.718676235,10.938783187,0.11006929751659184,50,2800000,1.0,1.021405182655144e-14,7.00065926078795e-09,7.000659280764375e-09,50
8000,double_baseline,7.762369580666666,5.790090362666667,1.3406301274185388,0.6703150637092694,5.727874787,5.905968415999999,0.10044441898180027,50,3200000,1.0,1.0513812043200232e-13,8.000316357336572e-09,8.00031631624531e-09,50
8000,float32_comm,7.762369580666666,4.947495497333334,1.5689492966391845,0.7844746483195922,4.895528273,5.014920365,0.06117860705425981,50,1600000,0.5,3.055103392490821e-10,7.113567363278969e-09,3.9328249671439705e-08,50
8000,quantized_comm,7.762369580666666,4.899074897666667,1.5844561968962203,0.7922280984481102,4.854363137,4.932953554,0.0403996351862382,50,1600000,0.5,5.01552743781275e-10,9.392514115427741e-09,2.671886822042764e-07,50
8000,lazy_sync5,7.762369580666666,4.198444691,1.8488678908421678,0.9244339454210839,4.179469632,4.212928141,0.017175531132469547,10,640000,0.2,1.0591527654923993e-13,8.000318873444554e-09,8.000318843086893e-09,50
8000,sparse_cutoff025,24.781047429333334,13.945409332666667,1.7770039471903156,0.8885019735951578,13.595657983,14.306220524,0.3554103561256522,50,3200000,1.0,3.813616089587413e-14,8.000675099615077e-09,8.000675066194545e-09,50
9000,double_baseline,9.710673023333333,6.969774895666666,1.393254899720043,0.6966274498600215,6.852861067999999,7.151109029,0.1592182257054904,50,3600000,1.0,1.0902390101819037e-13,9.000313692762848e-09,9.00031373701185e-09,50
9000,float32_comm,9.710673023333333,5.939308149333334,1.6349838700359944,0.8174919350179972,5.875907554,6.018595509,0.0726584825485478,50,1800000,0.5,2.4410251597828392e-11,9.072261028994478e-09,2.2957294848054382e-08,50
9000,quantized_comm,9.710673023333333,6.248756807666666,1.5540167944156837,0.7770083972078419,5.914692257,6.862367439,0.5321010910125579,50,1800000,0.5,1.0137335415549842e-10,9.305786915082392e-09,3.024655514175103e-07,50
9000,lazy_sync5,9.710673023333333,5.224180889333334,1.8587934126018613,0.9293967063009306,5.170848316,5.255329476,0.046404348363666845,10,720000,0.2,1.0791367799356522e-13,9.000316928198314e-09,9.000316978003851e-09,50
9000,sparse_cutoff025,31.319403686666668,17.083289925,1.8333356059732546,0.9166678029866273,16.966127366000002,17.171517033,0.10570796597713215,50,3600000,1.0,5.390132784555135e-14,9.000670765830793e-09,9.000670763160946e-09,50
10000,double_baseline,11.990264952,8.228873610666668,1.45709674486404,0.72854837243202,8.101961933,8.353301985,0.12568842640205444,50,4000000,1.0,8.354428260304303e-14,1.0000311727960311e-08,1.000031173637643e-08,50
10000,float32_comm,11.990264952,7.175472689666667,1.6710069803857064,0.8355034901928532,6.922257361,7.339983465,0.22254246297573066,50,2000000,0.5,1.905015589720449e-10,9.451711519622031e-09,2.521664193205547e-08,50
10000,quantized_comm,11.990264952,7.175616485333333,1.670973494264585,0.8354867471322925,7.036065729000001,7.292794846,0.12981853852512437,50,2000000,0.5,2.53199483601918e-09,2.602090839795416e-09,3.360849593031474e-07,50
10000,lazy_sync5,11.990264952,6.440460884,1.8617091490746176,0.9308545745373088,6.29749172,6.605247964,0.1550338431574996,10,800000,0.2,8.498757253505573e-14,1.0000315705003615e-08,1.0000315714964723e-08,50
10000,sparse_cutoff025,38.62976950266667,20.995664843,1.8398926536277758,0.9199463268138879,20.778314999,21.336086143,0.298558369052413,50,4000000,1.0,1.0064171718227044e-13,1.0000668288336154e-08,1.0000668299530542e-08,50
11000,double_baseline,14.516182858999999,9.653484961333334,1.5037246048596975,0.7518623024298488,9.494661915,9.79906347,0.15263236879871622,50,4400000,1.0,2.1066481892262345e-13,1.1000308553486306e-08,1.1000308586202106e-08,50
11000,float32_comm,14.516182858999999,8.615356350999999,1.6849196095429158,0.8424598047714579,8.502821862,8.674068238,0.09748838232231163,50,2200000,0.5,1.5878776071787115e-10,1.1465555036210134e-08,2.8497040243985385e-08,50
11000,quantized_comm,14.516182858999999,8.520365852,1.7037041731714597,0.8518520865857299,8.409891803,8.583459563,0.09599538608495706,50,2200000,0.5,2.5071930642717177e-09,3.6992607533112157e-09,3.6640903070386864e-07,50
11000,lazy_sync5,14.516182858999999,7.611377499,1.9071689534393963,0.9535844767196981,7.571469640999999,7.655376882,0.0421029892724644,10,880000,0.2,2.1238566461079245e-13,1.1000313413449649e-08,1.1000313444051255e-08,50
11000,sparse_cutoff025,46.35642012066667,25.213581560999998,1.838549593143487,0.9192747965717435,25.138094018,25.331066074,0.1031133488744419,50,4400000,1.0,6.639133687258436e-14,1.1000661142714194e-08,1.1000661153176745e-08,50
12000,double_baseline,17.292909127,11.195550609333335,1.5446233714118103,0.7723116857059051,11.186394108,11.201696871000001,0.008083303532382883,50,4800000,1.0,8.865130851631875e-14,1.2000304193559197e-08,1.2000304168243076e-08,50
12000,float32_comm,17.292909127,9.895246510666666,1.7475976074329185,0.8737988037164592,9.816095805,10.027250847,0.11507277109069583,50,2400000,0.5,5.531936020375383e-11,1.2162248736363778e-08,3.077513447095751e-08,50
12000,quantized_comm,17.292909127,9.997453045333334,1.7297314674633137,0.8648657337316569,9.887908069,10.158676649,0.14259002900307355,50,2400000,0.5,1.3508749674429055e-09,8.103664792154242e-09,4.020819390306886e-07,50
12000,lazy_sync5,17.292909127,9.142226466,1.8915424148934008,0.9457712074467004,9.039775722,9.317531795999999,0.15253836300058007,10,960000,0.2,9.070522111187529e-14,1.2000309954914674e-08,1.200030993531772e-08,50
12000,sparse_cutoff025,55.08782132899999,29.595220534333333,1.8613755983028668,0.9306877991514334,29.560113409,29.656626743,0.05336138349105272,50,4800000,1.0,7.654987754790454e-14,1.2000653285286402e-08,1.2000653243463303e-08,50
