size,rep,kind,runtime_sec,wall_sec,iterations,row_error,col_error,objective,payload_bytes,seed,output
2000,1,sequential,0.702382733,0.773461103439331,50,2.000314412047878e-09,2.000314433948762e-09,0.34378076714835865,0,3001,results/bench_cpp_vm2_phonehotspot_2k_5k_baseline_fixed50/seq_n2000_rep1.json
2000,1,mpi_double_baseline,0.745958252,2.279646158218384,50,2.000314425491985e-09,2.0003143997963935e-09,0.3437807671483516,800000,3001,results/bench_cpp_vm2_phonehotspot_2k_5k_baseline_fixed50/mpi_double_n2000_rep1.json
2000,2,sequential,0.8377228,0.9705016613006592,50,2.0003050837892264e-09,2.00030508064504e-09,0.34359727284584846,0,3002,results/bench_cpp_vm2_phonehotspot_2k_5k_baseline_fixed50/seq_n2000_rep2.json
2000,2,mpi_double_baseline,0.650577248,1.7566158771514893,50,2.000305102545924e-09,2.0003050769587527e-09,0.3435972728458673,800000,3002,results/bench_cpp_vm2_phonehotspot_2k_5k_baseline_fixed50/mpi_double_n2000_rep2.json
2000,3,sequential,0.598602578,0.6288154125213623,50,2.000336404546846e-09,2.0003363715870998e-09,0.34356326119853625,0,3003,results/bench_cpp_vm2_phonehotspot_2k_5k_baseline_fixed50/seq_n2000_rep3.json
2000,3,mpi_double_baseline,0.6479069869999999,1.7417144775390625,50,2.000336403679484e-09,2.000336394246925e-09,0.34356326119856495,800000,3003,results/bench_cpp_vm2_phonehotspot_2k_5k_baseline_fixed50/mpi_double_n2000_rep3.json
3000,1,sequential,1.407705172,1.4683668613433838,50,3.0003186483125617e-09,3.00031860261344e-09,0.3434275588139541,0,4001,results/bench_cpp_vm2_phonehotspot_2k_5k_baseline_fixed50/seq_n3000_rep1.json
3000,1,mpi_double_baseline,1.467729097,2.789698362350464,50,3.000318660021945e-09,3.000318639476314e-09,0.34342755881392417,1200000,4001,results/bench_cpp_vm2_phonehotspot_2k_5k_baseline_fixed50/mpi_double_n3000_rep1.json
3000,2,sequential,1.471739189,1.5369117259979248,50,3.000307706652657e-09,3.000307676511837e-09,0.34345673009185357,0,4002,results/bench_cpp_vm2_phonehotspot_2k_5k_baseline_fixed50/seq_n3000_rep2.json
3000,2,mpi_double_baseline,1.2042221679999998,2.3914906978607178,50,3.000307665615605e-09,3.000307636775827e-09,0.3434567300918185,1200000,4002,results/bench_cpp_vm2_phonehotspot_2k_5k_baseline_fixed50/mpi_double_n3000_rep2.json
3000,3,sequential,1.3445029629999998,1.4049708843231201,50,3.000313829521796e-09,3.000313863457324e-09,0.34341328038871005,0,4003,results/bench_cpp_vm2_phonehotspot_2k_5k_baseline_fixed50/seq_n3000_rep3.json
3000,3,mpi_double_baseline,1.135377115,2.2321858406066895,50,3.00031377672115e-09,3.0003138179208327e-09,0.3434132803887604,1200000,4003,results/bench_cpp_vm2_phonehotspot_2k_5k_baseline_fixed50/mpi_double_n3000_rep3.json
4000,1,sequential,2.643382058,2.7635440826416016,50,4.000314633093981e-09,4.000314649411224e-09,0.34353395610786974,0,5001,results/bench_cpp_vm2_phonehotspot_2k_5k_baseline_fixed50/seq_n4000_rep1.json
4000,1,mpi_double_baseline,1.903933928,3.0367274284362793,50,4.000314646212828e-09,4.000314643556532e-09,0.34353395610784526,1600000,5001,results/bench_cpp_vm2_phonehotspot_2k_5k_baseline_fixed50/mpi_double_n4000_rep1.json
4000,2,sequential,2.321953226,2.435060501098633,50,4.000312165504047e-09,4.000312184965476e-09,0.34354532418305445,0,5002,results/bench_cpp_vm2_phonehotspot_2k_5k_baseline_fixed50/seq_n4000_rep2.json
4000,2,mpi_double_baseline,1.951494635,3.0710315704345703,50,4.000312164365635e-09,4.000312135580067e-09,0.34354532418305295,1600000,5002,results/bench_cpp_vm2_phonehotspot_2k_5k_baseline_fixed50/mpi_double_n4000_rep2.json
4000,3,sequential,2.40715339,2.515052318572998,50,4.00031332999139e-09,4.000313297573745e-09,0.3435744965195828,0,5003,results/bench_cpp_vm2_phonehotspot_2k_5k_baseline_fixed50/seq_n4000_rep3.json
4000,3,mpi_double_baseline,2.721604841,4.338536500930786,50,4.000313363710078e-09,4.000313351892274e-09,0.3435744965195757,1600000,5003,results/bench_cpp_vm2_phonehotspot_2k_5k_baseline_fixed50/mpi_double_n4000_rep3.json
5000,1,sequential,4.800026027,4.974296808242798,50,5.000302010584089e-09,5.000301989306621e-09,0.34356885041488106,0,6001,results/bench_cpp_vm2_phonehotspot_2k_5k_baseline_fixed50/seq_n5000_rep1.json
5000,1,mpi_double_baseline,2.7389279330000003,3.869016647338867,50,5.000301984427712e-09,5.000301949733242e-09,0.34356885041479424,2000000,6001,results/bench_cpp_vm2_phonehotspot_2k_5k_baseline_fixed50/mpi_double_n5000_rep1.json
5000,2,sequential,4.108192444,4.436570644378662,50,5.000316845261629e-09,5.000316791051521e-09,0.3435666713192231,0,6002,results/bench_cpp_vm2_phonehotspot_2k_5k_baseline_fixed50/seq_n5000_rep2.json
5000,2,mpi_double_baseline,2.6020591019999997,3.8829705715179443,50,5.000316820677345e-09,5.000316807314553e-09,0.343566671319123,2000000,6002,results/bench_cpp_vm2_phonehotspot_2k_5k_baseline_fixed50/mpi_double_n5000_rep2.json
5000,3,sequential,3.782050656,3.9870553016662598,50,5.0003017862626595e-09,5.000301729287835e-09,0.34357690405887026,0,6003,results/bench_cpp_vm2_phonehotspot_2k_5k_baseline_fixed50/seq_n5000_rep3.json
5000,3,mpi_double_baseline,2.575413339,4.144097328186035,50,5.00030177886298e-09,5.000301720939479e-09,0.34357690405895425,2000000,6003,results/bench_cpp_vm2_phonehotspot_2k_5k_baseline_fixed50/mpi_double_n5000_rep3.json
